1,BTC,Bitcoin,1,$16526.5,"$13,479,900,000"
2,ETH,Ethereum,0.0419718,$698.338,"$4,760,880,000"
3,BCH,Bitcoin Cash,0.0964066,$1603.12,"$1,283,560,000"
4,XRP,Ripple,2.671E-5,$0.444476,"$3,321,640,000"
5,LTC,Litecoin,0.018413,$306.361,"$4,001,120,000"
6,MIOTA,IOTA,0.00024671,$4.10241,"$447,736,000"
7,DASH,Dash,0.0536602,$892.814,"$320,026,000"
8,XMR,Monero,0.0186592,$310.457,"$262,432,000"
9,XEM,NEM,3.196E-5,$0.531718,"$68,135,800"
10,BTG,Bitcoin Gold,0.0164662,$273.812,"$246,752,000"
11,ADA,Cardano,8.08E-6,$0.134424,"$70,316,500"
12,EOS,EOS,0.00038417,$6.3882,"$559,701,000"
13,ETC,Ethereum Classic,0.00181087,$30.1298,"$747,593,000"
14,NEO,NEO,0.0026506,$44.1014,"$274,981,000"
15,XLM,Stellar Lumens,9.25E-6,$0.153884,"$134,400,000"
16,BCC,BitConnect,0.0223518,$371.895,"$28,725,700"
17,PPT,Populous,0.00229893,$38.2283,"$4,382,550"
18,WAVES,Waves,0.00083357,$13.8691,"$86,149,000"
19,QTUM,Qtum,0.00101965,$16.9555,"$563,332,000"
20,ZEC,Zcash,0.024289,$404.128,"$246,649,000"
21,LSK,Lisk,0.00058688,$9.76463,"$54,022,400"
22,OMG,OmiseGO,0.00064576,$10.7382,"$108,138,000"
23,ARDR,Ardor,5.858E-5,$0.974725,"$27,336,400"
24,STRAT,Stratis,0.00057487,$9.56486,"$38,935,400"
25,USDT,Tether,6.295E-5,$1.04738,"$2,180,560,000"
26,MONA,MonaCoin,0.00087792,$14.607,"$27,686,900"
27,HSR,Hshare,0.00099185,$16.4933,"$69,586,700"
28,NXT,Nxt,4.174E-5,$0.69451,"$121,066,000"
29,TRX,TRON,6.1E-7,$0.0101267,"$76,035,400"
30,BTS,BitShares,1.4E-5,$0.232959,"$42,668,400"
31,BCN,Bytecoin,1.6E-7,$0.00259329,"$7,049,660"
32,VERI,Veritaseum,0.0138691,$230.625,"$1,125,100"
33,ARK,Ark,0.00027032,$4.49766,"$12,901,000"
34,DCR,Decred,0.00416795,$69.3475,"$8,299,570"
35,STEEM,Steem,0.0001071,$1.78205,"$3,674,180"
36,DOGE,Dogecoin,2.2E-7,$0.00366476,"$31,620,900"
37,SALT,SALT,0.00046805,$7.78318,"$18,751,200"
38,REP,Augur,0.00215049,$35.7804,"$9,281,980"
39,KMD,Komodo,0.00021331,$3.54914,"$6,373,480"
40,VTC,Vertcoin,0.00049035,$8.15862,"$20,870,200"
41,EMC2,Einsteinium,9.318E-5,$1.55031,"$41,147,800"
42,SC,Siacoin,6.2E-7,$0.0103537,"$17,410,100"
43,GNT,Golem,2.132E-5,$0.3548,"$6,074,850"
44,PIVX,PIVX,0.00030175,$5.02058,"$3,142,730"
45,BNB,Binance Coin,0.00016522,$2.74742,"$28,327,300"
46,DGD,DigixDAO,0.0081223,$135.141,"$3,629,790"
47,MAID,MaidSafeCoin,3.431E-5,$0.570935,"$6,243,630"
48,QASH,QASH,4.358E-5,$0.724741,"$18,221,000"
49,MANA,Decentraland,6.64E-6,$0.110419,"$65,921,300"
50,SAN,Santiment Network Token,0.00024904,$4.14131,"$30,346,400"
51,BAT,Basic Attention Token,1.467E-5,$0.243955,"$12,663,400"
52,AION,Aion,0.00034899,$5.80321,"$273,472"
53,PAY,TenX,0.00013636,$2.26756,"$9,981,230"
54,XRB,RaiBlocks,0.00010638,$1.76995,"$4,360,380"
55,FCT,Factom,0.00160886,$26.7687,"$13,207,400"
56,SYS,Syscoin,2.654E-5,$0.441545,"$10,088,500"
57,SNT,Status,3.84E-6,$0.0639043,"$17,252,000"
58,POWR,Power Ledger,3.655E-5,$0.607737,"$51,449,000"
59,MCO,Monaco,0.00113384,$18.8544,"$66,823,900"
60,GAS,Gas,0.00143832,$23.9175,"$5,028,280"
61,BTCD,BitcoinDark,0.00911247,$151.616,"$162,052"
62,CNX,Cryptonex,0.00025938,$4.31324,"$176,258"
63,WTC,Walton,0.00043626,$7.25451,"$15,216,000"
64,GBYTE,Byteball Bytes,0.0164046,$272.945,"$1,219,720"
65,RDN,Raiden Network Token,0.00020974,$3.48778,"$17,194,400"
66,XZC,ZCoin,0.00287667,$47.8628,"$10,813,300"
67,BTM,Bytom,1.061E-5,$0.176419,"$2,326,010"
68,FUN,FunFair,2.41E-6,$0.040144,"$5,021,560"
69,KNC,Kyber Network,7.6E-5,$1.26386,"$8,180,240"
70,ICN,Iconomi,9.943E-5,$1.65437,"$2,382,290"
71,GNO,Gnosis,0.00891151,$148.187,"$2,794,170"
72,BNT,Bancor,0.00023329,$3.87939,"$9,479,790"
73,NXS,Nexus,0.00017283,$2.87561,"$3,689,200"
74,XVG,Verge,6.5E-7,$0.0107926,"$10,036,000"
75,REQ,Request Network,1.416E-5,$0.235454,"$20,211,600"
76,DGB,DigiByte,9.4E-7,$0.0155615,"$9,934,120"
77,AE,Aeternity,3.807E-5,$0.633042,"$1,589,410"
78,VEN,VeChain,3.187E-5,$0.529945,"$8,970,810"
79,ZRX,0x,1.741E-5,$0.289424,"$8,034,500"
80,GAME,GameCredits,0.00013231,$2.20147,"$6,459,190"
81,NAV,NAV Coin,0.00013208,$2.19758,"$6,752,880"
82,PURA,Pura,4.369E-5,$0.726937,"$445,233"
83,CVC,Civic,2.126E-5,$0.353453,"$5,563,030"
84,RHOC,RChain,3.874E-5,$0.644217,"$91,889"
85,EDG,Edgeless,8.627E-5,$1.43542,"$6,607,260"
86,MTL,Metal,0.0003587,$5.96466,"$19,068,300"
87,BLOCK,Blocknet,0.00137212,$22.8297,"$298,558"
88,GXS,GXShares,0.00016655,$2.76946,"$7,794,460"
89,STORJ,Storj,6.205E-5,$1.03181,"$11,385,600"
90,DRGN,Dragonchain,2.731E-5,$0.454106,"$752,855"
91,ETP,Metaverse ETP,0.00017628,$2.93135,"$13,678,700"
92,PPC,Peercoin,0.00024287,$4.04095,"$4,865,290"
93,PPP,PayPie,7.1E-5,$1.18069,"$1,052,210"
94,BQX,Ethos,7.675E-5,$1.27633,"$4,454,100"
95,DATA,Streamr DATAcoin,8.47E-6,$0.140862,"$5,394,130"
96,LINK,ChainLink,1.601E-5,$0.266264,"$10,925,300"
97,R,Revain,3.027E-5,$0.503407,"$672,261"
98,ANT,Aragon,0.0001698,$2.82347,"$2,182,770"
99,ZEN,ZenCash,0.00192325,$31.9812,"$2,079,560"
100,BAY,BitBay,5.17E-6,$0.0860034,"$4,348,430"
101,SNGLS,SingularDTV,8.68E-6,$0.144464,"$5,080,430"
102,FTC,Feathercoin,2.607E-5,$0.433805,"$1,006,030"
103,MNX,MinexCoin,0.00158819,$26.4096,"$231,970"
104,SKY,Skycoin,0.00075193,$12.5108,"$150,541"
105,GRS,Groestlcoin,6.8E-5,$1.1314,"$3,771,480"
106,COB,Cobinhood,1.768E-5,$0.29402,"$312,072"
107,LKK,Lykke,1.774E-5,$0.295177,"$244,961"
108,ACT,Achain,1.55E-5,$0.257746,"$1,382,900"
109,ADX,AdEx,7.558E-5,$1.25673,"$9,905,540"
110,POT,PotCoin,2.037E-5,$0.338933,"$4,912,460"
111,UBQ,Ubiq,0.00011496,$1.91281,"$1,259,170"
112,SUB,Substratum,1.96E-5,$0.325984,"$4,946,840"
113,PART,Particl,0.00055725,$9.2664,"$1,690,250"
114,XAS,Asch,4.732E-5,$0.787364,"$3,158,200"
115,MGO,MobileGo,4.363E-5,$0.725501,"$771,474"
116,JINN,Jinn,0.0723884,$1204.42,"$1,204"
117,RCN,Ripio Credit Network,8.75E-6,$0.145539,"$15,331,100"
118,ATM,ATMChain,1.1E-6,$0.018304,"$49,628"
119,XCP,Counterparty,0.00157841,$26.262,"$1,341,370"
120,LRC,Loopring,1.365E-5,$0.226937,"$6,155,140"
121,RLC,iExec RLC,4.892E-5,$0.81342,"$6,877,330"
122,QSP,Quantstamp,6.16E-6,$0.102491,"$15,978,400"
123,SNM,SONM,1.051E-5,$0.174789,"$3,026,150"
124,YOYOW,YOYOW,1.776E-5,$0.295381,"$41,008,500"
125,VIA,Viacoin,0.00016241,$2.70219,"$1,493,640"
126,QRL,Quantum Resistant Ledger,7.102E-5,$1.18103,"$1,186,850"
127,PEPECASH,Pepe Cash,5.17E-6,$0.0860199,"$1,006,000"
128,1ST,FirstBlood,4.233E-5,$0.70434,"$8,240,320"
129,RISE,Rise,3.179E-5,$0.528965,"$9,272,810"
130,INK,Ink,1.956E-5,$0.325298,"$111,929,000"
131,FAIR,FairCoin,6.449E-5,$1.073,"$153,202"
132,AGRS,Agoras Tokens,8.048E-5,$1.33905,"$975,488"
133,EDO,Eidoo,0.00015466,$2.57176,"$2,835,050"
134,MER,Mercury,3.237E-5,$0.538641,"$2,040,660"
135,NMC,Namecoin,0.00021471,$3.57245,"$1,470,760"
136,WINGS,Wings,3.525E-5,$0.586496,"$1,827,900"
137,TRST,WeTrust,3.402E-5,$0.565983,"$1,544,250"
138,OTN,Open Trading Network,0.00067384,$11.2051,"$157,835"
139,KIN,Kin,4.0E-9,$6.80021E-5,"$170,220"
140,AEON,Aeon,0.00020989,$3.49215,"$410,540"
141,SMART,SmartCash,6.82E-6,$0.113348,"$180,081"
142,EMC,Emercoin,7.23E-5,$1.2029,"$323,258"
143,MLN,Melon,0.00484406,$80.5968,"$933,146"
144,PLR,Pillar,1.264E-5,$0.210181,"$368,383"
145,VOX,Voxels,1.363E-5,$0.226838,"$7,511,750"
146,RDD,ReddCoin,1.0E-7,$0.00165475,"$1,090,550"
147,VEE,BLOCKv,2.11E-6,$0.0351384,"$265,395"
148,PAYX,Paypex,4.135E-5,$0.687622,"$15,428"
149,ENG,Enigma,3.778E-5,$0.628197,"$5,292,140"
150,IOC,I/O Coin,0.00016554,$2.7543,"$2,560,300"
151,CLOAK,CloakCoin,0.00052855,$8.79415,"$648,422"
152,KCS,KuCoin Shares,2.956E-5,$0.491611,"$717,931"
153,LBC,LBRY Credits,2.373E-5,$0.394901,"$14,115,700"
154,CFI,Cofound.it,8.08E-6,$0.134438,"$2,232,610"
155,XWC,WhiteCoin,1.039E-5,$0.172847,"$545,852"
156,NEBL,Neblio,0.00019711,$3.27773,"$307,034"
157,SPANK,SpankChain,8.28E-6,$0.137746,"$205,698"
158,TIX,Blocktix,6.069E-5,$1.00928,"$3,515,090"
159,DMD,Diamond,0.00094194,$15.6723,"$195,252"
160,ION,ION,0.00013151,$2.1881,"$1,407,060"
161,SIB,SIBCoin,0.00014966,$2.49011,"$401,381"
162,XBY,XTRABYTES,5.45E-6,$0.0907217,"$1,071,290"
163,WGR,Wagerr,1.28E-5,$0.212925,"$169,893"
164,CDT,CoinDash,4.1E-6,$0.0681564,"$2,328,010"
165,TAAS,TaaS,0.0002799,$4.65707,"$673,130"
166,DCN,Dentacoin,7.0E-9,$0.000116611,"$46,927"
167,DCT,DECENT,4.413E-5,$0.734284,"$925,371"
168,TNB,Time New Bank,2.0E-6,$0.033198,"$3,709,910"
169,AST,AirSwap,1.479E-5,$0.24595,"$5,916,950"
170,DPY,Delphy,7.785E-5,$1.29449,"$84,019"
171,AMB,Amber,1.5E-5,$0.249472,"$6,614,310"
172,XEL,Elastic,2.455E-5,$0.408236,"$3,374,940"
173,RMC,Russian Mining Coin,1.40139,$23303.4,"$410,647"
174,OK,OKCash,2.869E-5,$0.477315,"$4,260,120"
175,CRW,Crown,0.00012753,$2.12181,"$165,622"
176,TNT,Tierion,4.94E-6,$0.0821424,"$7,552,220"
177,ZSC,Zeusshield,1.76E-6,$0.0292066,"$1,107,570"
178,VRC,VeriCoin,6.628E-5,$1.10283,"$25,397,700"
179,SLS,SaluS,0.0019812,$32.9637,"$896,055"
180,ENJ,Enjin Coin,2.64E-6,$0.043839,"$1,412,170"
181,NLG,Gulden,5.54E-6,$0.0922585,"$431,403"
182,GRID,Grid+,5.059E-5,$0.841173,"$41,965"
183,XPA,XPlay,1.95E-6,$0.0324119,"$792,812"
184,MUE,MonetaryUnit,1.58E-5,$0.262923,"$2,744,340"
185,PRE,Presearch,1.22E-5,$0.202871,"$86,934"
186,HVN,Hive,5.04E-6,$0.0837544,"$1,291,320"
187,GCR,Global Currency Reserve,1.8E-5,$0.299502,"$3,064,310"
188,NMR,Numeraire,0.00139561,$23.2073,"$699,032"
189,BQ,bitqy,6.6E-7,$0.0110158,"$9,230"
190,ICOS,ICOS,0.00312966,$52.0424,"$82,021"
191,SAFEX,Safe Exchange Coin,8.3E-7,$0.013854,"$2,248,090"
192,GUP,Matchpool,2.383E-5,$0.39645,"$3,977,320"
193,MOD,Modum,9.714E-5,$1.61527,"$3,034,420"
194,TIPS,FedoraCoin,4.0E-9,$6.65392E-5,"$7,696"
195,TKN,TokenCard,7.458E-5,$1.24094,"$274,670"
196,ZNY,Bitzeny,2.321E-5,$0.386166,"$869,731"
197,BLK,BlackCoin,2.249E-5,$0.374203,"$1,313,460"
198,SHIFT,Shift,0.00014857,$2.47193,"$769,563"
199,BTX,Bitcore,0.00090414,$15.0348,"$1,702,620"
200,AMP,Synereo,2.065E-5,$0.343607,"$3,016,300"
201,DNT,district0x,2.82E-6,$0.0469313,"$4,386,020"
202,GRC,GridCoin,4.31E-6,$0.0717849,"$400,909"
203,OMNI,Omni,0.00298883,$49.729,"$329,967"
204,MDA,Moeda Loyalty Points,8.437E-5,$1.40299,"$1,660,400"
205,THC,HempCoin,7.18E-6,$0.119463,"$5,213,380"
206,HMQ,Humaniq,1.011E-5,$0.16804,"$1,917,380"
207,IXT,iXledger,4.566E-5,$0.759346,"$472,138"
208,TRIG,Triggers,5.034E-5,$0.83757,"$1,571,920"
209,XAUR,Xaurum,1.269E-5,$0.211119,"$379,325"
210,BURST,Burst,8.8E-7,$0.014677,"$793,471"
211,CTR,Centra,2.328E-5,$0.387066,"$3,153,210"
212,WCT,Waves Community Token,0.00015579,$2.59206,"$146,629"
213,CSNO,BitDice,2.215E-5,$0.368356,"$48,783"
214,ETT,EncryptoTel [WAVES],2.44E-5,$0.405736,"$3,821"
215,XP,XP,8.0E-9,$0.000132386,"$1,243,200"
216,TX,TransferCoin,0.00023981,$3.99005,"$843,440"
217,NLC2,NoLimitCoin,7.3E-6,$0.121419,"$185,362"
218,PTOY,Patientory,2.117E-5,$0.351989,"$29,161,900"
219,XDN,DigitalNote,2.1E-7,$0.00357004,"$10,007,700"
220,GOLOS,Golos,1.18E-5,$0.196396,"$164,995"
221,AVT,Aventus,0.00023945,$3.9817,"$2,065,890"
222,VIB,Viberate,8.76E-6,$0.145659,"$2,802,950"
223,UKG,Unikoin Gold,1.051E-5,$0.174775,"$173,997"
224,BSD,BitSend,7.987E-5,$1.32886,"$912,142"
225,BCO,BridgeCoin,5.139E-5,$0.854614,"$132,386"
226,TGT,Target Coin,1.44E-6,$0.0239089,"$3,923"
227,LEO,LEOcoin,1.395E-5,$0.232127,"$61,441"
228,LEND,EthLend,1.4E-6,$0.023357,"$3,627,530"
229,RPX,Red Pulse,2.43E-6,$0.0403257,"$581,914"
230,BCAP,BCAP,0.00013107,$2.18082,"$30,044"
231,CND,Cindicator,9.0E-7,$0.014993,"$6,316,750"
232,NEOS,NeosCoin,0.00035795,$5.9557,"$911,580"
233,BBR,Boolberry,0.00012,$1.99659,"$48,564"
234,RBY,Rubycoin,5.12E-5,$0.851864,"$59,575"
235,ATB,ATBCoin,3.233E-5,$0.537538,"$3,230,550"
236,SWT,Swarm City,0.00015819,$2.63206,"$6,403,170"
237,XUC,Exchange Union,0.00062759,$10.436,"$2,246,230"
238,GAM,Gambit,0.00104609,$17.4051,"$87,996"
239,SBD,Steem Dollars,0.00033389,$5.55533,"$200,581"
240,CLAM,Clams,0.00045003,$7.48779,"$922,883"
241,OCT,OracleChain,4.101E-5,$0.68202,"$43,628"
242,DTB,Databits,5.398E-5,$0.898134,"$191,657"
243,PLBT,Polybius,0.00031997,$5.32067,"$705,758"
244,STX,Stox,2.882E-5,$0.47929,"$1,567,900"
245,GVT,Genesis Vision,0.00032687,$5.43551,"$3,817,540"
246,ADT,adToken,2.02E-6,$0.0336361,"$515,548"
247,CREDO,Credo,2.19E-6,$0.03645,"$8,563"
248,BITCNY,bitCNY,8.83E-6,$0.146877,"$19,601,200"
249,EVX,Everex,7.187E-5,$1.19508,"$1,710,060"
250,SOAR,Soarcoin,1.66E-6,$0.0276801,"$11,999"
251,POE,Po.et,5.4E-7,$0.00899342,"$1,037,790"
252,RADS,Radium,0.00034019,$5.66016,"$697,389"
253,BOT,Bodhi,2.879E-5,$0.478709,"$635,836"
254,DNA,EncrypGen,2.993E-5,$0.497649,"$597,627"
255,PRG,Paragon,1.749E-5,$0.290824,"$71,231"
256,FUEL,Etherparty,2.34E-6,$0.0389578,"$1,136,080"
257,SLR,SolarCoin,2.933E-5,$0.488041,"$273,245"
258,TCC,The ChampCoin,6.77E-6,$0.112577,"$20,024"
259,SNC,SunContract,1.029E-5,$0.171112,"$683,572"
260,MEME,Memetic,5.97E-5,$0.993281,"$17,908,000"
261,DLT,Agrello,1.285E-5,$0.213652,"$2,237,580"
262,ALIS,ALIS,2.826E-5,$0.469915,"$173,757"
263,DENT,Dent,1.0E-7,$0.00170161,"$223,691"
264,XVC,Vcash,6.99E-5,$1.16302,"$602,709"
265,DICE,Etheroll,0.00015333,$2.54971,"$70,899"
266,EXP,Expanse,0.00013478,$2.2425,"$2,364,690"
267,SPHR,Sphere,0.00034447,$5.73138,"$323,688"
268,OBITS,OBITS,6.734E-5,$1.12034,"$20,649"
269,NET,Nimiq,0.00010069,$1.67444,"$381,244"
270,NSR,NuShares,3.8E-7,$0.00631736,"$19,650"
271,UNO,Unobtanium,0.00516451,$85.9285,"$143,924"
272,XRL,Rialto,1.177E-5,$0.195711,"$108,425"
273,FLO,FlorinCoin,7.09E-6,$0.118023,"$555,418"
274,FLDC,FoldingCoin,1.8E-6,$0.0300007,"$1,262,930"
275,ENRG,Energycoin,7.99E-6,$0.13294,"$211,094"
276,PASC,Pascal Coin,6.01E-5,$0.99996,"$110,807"
277,ART,Maecenas,3.185E-5,$0.5296,"$24,152"
278,BMC,Blackmoon Crypto,3.168E-5,$0.526874,"$1,545,360"
279,MTNC,Masternodecoin,1.899E-5,$0.31578,"$3,262"
280,NVST,NVO,6.06E-5,$1.00768,"$17,060"
281,LMC,LoMoCoin,4.04E-6,$0.0672184,"$681,345"
282,RVT,Rivetz,3.413E-5,$0.567611,"$58,781"
283,XTO,Tao,2.7E-5,$0.449233,$952
284,UNIT,Universal Currency,7.264E-5,$1.20861,"$4,330,980"
285,NXC,Nexium,1.325E-5,$0.22044,"$440,226"
286,MCAP,MCAP,8.373E-5,$1.39228,"$789,251"
287,POLL,ClearPoll,0.0001254,$2.08518,"$573,986"
288,KICK,KickCoin,2.73E-6,$0.0453571,"$624,982"
289,MTH,Monetha,4.03E-6,$0.067026,"$1,711,210"
290,MYST,Mysterium,4.4E-5,$0.73161,"$676,490"
291,PST,Primas,1.663E-5,$0.276561,"$58,543"
292,OXY,Oxycoin,1.064E-5,$0.176935,"$55,796"
293,BDL,Bitdeal,4.77E-6,$0.0792923,"$111,522"
294,HEAT,HEAT,2.651E-5,$0.441023,"$11,124"
295,ECN,E-coin,0.00017092,$2.84218,$508
296,QAU,Quantum,1.041E-5,$0.173032,"$59,779"
297,MSP,Mothership,5.73E-6,$0.0953121,"$197,405"
298,LUN,Lunyr,0.0003441,$5.72194,"$652,022"
299,EDR,E-Dinar Coin,8.8E-7,$0.0145643,"$490,608"
300,CSC,CasinoCoin,2.005E-5,$0.333654,"$2,491"
301,TOA,ToaCoin,5.8E-7,$0.00964522,"$56,131"
302,XBC,Bitcoin Plus,0.00731154,$121.651,"$787,031"
303,INCNT,Incent,1.65E-5,$0.274469,"$179,195"
304,DRT,DomRaider,1.28E-6,$0.021318,"$5,941"
305,TIME,Chronobank,0.00106714,$17.7553,"$345,558"
306,AIR,AirToken,7.1E-7,$0.0118418,"$100,907"
307,SEQ,Sequence,1.652E-5,$0.274864,"$138,851"
308,BITB,BitBean,3.3E-7,$0.00548182,"$185,061"
309,LA,LAToken,1.844E-5,$0.30665,"$397,917"
310,NVC,Novacoin,0.00038434,$6.39478,"$301,197"
311,PING,CryptoPing,7.41E-5,$1.23227,"$20,678"
312,EMV,Ethereum Movie Venture,0.00011053,$1.83895,"$4,891"
313,MOON,Mooncoin,3.0E-9,$5.40332E-5,"$12,693"
314,CAG,Change,1.912E-5,$0.317984,"$278,726"
315,AUR,Auroracoin,8.137E-5,$1.35382,"$198,816"
316,IOP,Internet of People,0.00038605,$6.4232,"$8,763,620"
317,MUSIC,Musicoin,1.4E-6,$0.0232796,"$677,130"
318,CAT,BlockCAT,9.435E-5,$1.569,"$104,306"
319,CURE,Curecoin,2.911E-5,$0.484294,"$106,773"
320,ODN,Obsidian,2.727E-5,$0.453529,"$83,107"
321,POSW,PoSW Coin,1.544E-5,$0.256857,"$159,402"
322,XNN,Xenon,2.26E-6,$0.0375375,"$9,421"
323,ONION,DeepOnion,0.00014895,$2.47686,"$202,668"
324,BITUSD,bitUSD,6.0E-5,$0.998331,"$2,774,660"
325,ZCL,ZClassic,0.00036543,$6.08016,"$9,911,730"
326,BCY,Bitcrystals,2.842E-5,$0.472828,"$326,672"
327,PINK,PinkCoin,1.77E-6,$0.0294562,"$244,159"
328,ASTRO,Astro,0.00018892,$3.14159,"$30,492"
329,PTC,Pesetacoin,4.65E-6,$0.0774481,"$277,478"
330,BTM,Bitmark,8.236E-5,$1.3704,"$188,816"
331,BTDX,Bitcloud,3.721E-5,$0.619065,"$33,905"
332,XST,Stealthcoin,2.152E-5,$0.358031,"$60,519"
333,KORE,Kore,0.00028606,$4.75954,"$1,892,270"
334,BET,DAO.Casino,3.45E-6,$0.0573747,"$27,900"
335,PZM,PRIZM,4.853E-5,$0.806971,"$9,136"
336,IFT,InvestFeed,2.94E-6,$0.0488842,"$85,012"
337,DYN,Dynamic,0.00029795,$4.95737,"$493,298"
338,HST,Decision Token,1.764E-5,$0.293253,"$215,624"
339,PLU,Pluton,0.0006378,$10.6118,"$8,723"
340,EBTC,eBitcoin,2.857E-5,$0.475162,"$125,173"
341,OAX,OAX,2.099E-5,$0.349076,"$1,323,000"
342,VIBE,VIBE,3.01E-6,$0.050011,"$72,010"
343,SYNX,Syndicate,3.07E-5,$0.510779,"$506,482"
344,SXC,Sexcoin,4.01E-6,$0.0666759,"$46,882"
345,HGT,HelloGold,1.9E-6,$0.031641,"$143,966"
346,BIS,Bismuth,7.886E-5,$1.31141,"$207,749"
347,DBET,DecentBet,6.75E-6,$0.1122,"$76,575"
348,DBIX,DubaiCoin,0.00029106,$4.84277,"$161,878"
349,MINT,Mintcoin,2.0E-8,$0.000319424,"$8,025"
350,COSS,COSS,7.9E-6,$0.131414,"$417,941"
351,QWARK,Qwark,1.112E-5,$0.185011,"$323,654"
352,DOPE,DopeCoin,4.24E-6,$0.0705629,"$821,589"
353,APX,APX,0.00067021,$11.1448,"$125,529"
354,PRO,Propy,3.334E-5,$0.554423,"$273,984"
355,XMY,Myriad,3.0E-7,$0.00500118,"$194,804"
356,DOVU,Dovu,7.24E-6,$0.12043,"$14,675"
357,PBT,Primalbase Token,0.460576,$7658.8,"$522,401"
358,XSPEC,Spectrecoin,2.195E-5,$0.365178,"$62,363"
359,XPM,Primecoin,2.101E-5,$0.349514,"$318,851"
360,LIFE,LIFE,7.0E-8,$0.00114625,"$34,454"
361,CVCOIN,CVCoin,4.534E-5,$0.754022,"$3,920"
362,BLU,BlueCoin,7.7E-7,$0.0128325,"$18,316"
363,COVAL,Circuits of Value,4.4E-7,$0.00732084,"$144,399"
364,RIC,Riecoin,1.101E-5,$0.183263,"$346,608"
365,DIME,Dimecoin,8.0E-10,$1.34809E-5,"$16,829"
366,EAC,EarthCoin,4.0E-8,$0.000627051,"$52,841"
367,PIX,Lampix,3.79E-6,$0.0630066,"$33,394"
368,PHR,Phore,4.355E-5,$0.724162,"$118,407"
369,EXCL,ExclusiveCoin,9.646E-5,$1.605,"$552,183"
370,ABY,ArtByte,5.3E-7,$0.0088477,"$158,589"
371,SWIFT,Bitswift,0.00010342,$1.72073,"$174,180"
372,VSL,vSlice,1.255E-5,$0.208812,"$14,484"
373,ZRC,ZrCoin,0.00011513,$1.91442,"$45,979"
374,PDC,Project Decorum,8.37E-6,$0.139262,"$412,082"
375,BCPT,BlockMason Credit Protocol,9.2E-6,$0.152986,"$430,365"
376,EGC,EverGreenCoin,3.114E-5,$0.518073,"$515,308"
377,B2BX,B2BX,2.6E-5,$0.432392,"$8,141"
378,ONX,Onix,1.496E-5,$0.248743,"$54,575"
379,HTML5,HTMLCOIN,1.0E-8,$0.000166383,"$9,176"
380,SNRG,Synergy,0.00012401,$2.06327,"$179,584"
381,BELA,Bela,1.012E-5,$0.168356,"$245,370"
382,BRX,Breakout Stake,6.186E-5,$1.02919,"$35,888"
383,TRUST,TrustPlus,1.205E-5,$0.200491,"$153,075"
384,ECOB,Ecobit,8.7E-7,$0.0144572,"$1,008"
385,ERC20,ERC20,2.4E-7,$0.00403259,"$225,399"
386,GCC,TheGCCcoin,7.6E-7,$0.0126451,"$1,256"
387,NTRN,Neutron,1.153E-5,$0.191865,"$13,036"
388,PUT,PutinCoin,1.19E-6,$0.0197226,"$5,803"
389,SSS,Sharechain,2.3E-7,$0.00376276,"$16,608"
390,GLD,GoldCoin,8.94E-6,$0.148671,"$191,078"
391,KRB,Karbowanec,7.359E-5,$1.22447,"$118,038"
392,CHC,ChainCoin,2.544E-5,$0.4233,"$51,005"
393,ERC,EuropeCoin,3.61E-5,$0.600642,"$85,414"
394,CRB,Creditbit,2.172E-5,$0.361437,"$422,172"
395,ELIX,Elixir,1.338E-5,$0.22248,"$127,486"
396,BLUE,Ethereum Blue,1.042E-5,$0.17325,"$58,196"
397,VOISE,Voise,5.4E-7,$0.00899575,"$488,874"
398,AC,AsiaCoin,2.9E-7,$0.00488603,$746
399,TRC,Terracoin,1.54E-5,$0.256282,"$12,333"
400,BLITZ,Blitzcash,8.153E-5,$1.35652,"$1,136,860"
401,2GIVE,2GIVE,6.3E-7,$0.0104807,"$33,442"
402,OCL,Oceanlab,7.03E-6,$0.116835,"$67,454"
403,MXT,MarteXcoin,0.0001151,$1.91507,"$33,947"
404,TFL,TrueFlip,5.103E-5,$0.848487,"$16,715"
405,ANC,Anoncoin,0.00015011,$2.4976,"$5,148"
406,CANN,CannabisCoin,4.05E-6,$0.0673994,"$608,063"
407,TZC,TrezarCoin,3.72E-6,$0.0618716,"$22,752"
408,SUPER,SuperCoin,6.44E-6,$0.107175,"$24,134"
409,ATMS,Atmos,2.94E-6,$0.0489004,"$11,297"
410,CNT,Centurion,3.9E-6,$0.06489,"$11,893"
411,BRK,Breakout,1.583E-5,$0.26341,"$119,429"
412,VTR,vTorrent,2.648E-5,$0.440581,"$124,814"
413,ZEPH,Zephyr,2.27E-6,$0.0376847,"$16,268"
414,DIVX,Divi,5.55E-5,$0.922918,"$67,573"
415,MYB,MyBit Token,0.00010894,$1.81148,"$12,669"
416,PKB,ParkByte,5.977E-5,$0.994431,"$184,606"
417,RUP,Rupee,1.26E-5,$0.209524,"$66,542"
418,INN,Innova,0.00028551,$4.74764,"$134,533"
419,KLN,Kolion,0.00045848,$7.62402,"$852,405"
420,NYC,NewYorkCoin,2.0E-9,$3.52912E-5,"$16,624"
421,CREA,Creativecoin,2.111E-5,$0.350993,"$5,790"
422,IND,Indorse Token,5.87E-6,$0.0975406,"$434,054"
423,GMT,Mercury Protocol,1.62E-6,$0.0268685,"$8,507"
424,REAL,REAL,2.709E-5,$0.450443,"$34,864"
425,DAR,Darcrus,1.994E-5,$0.331758,"$97,482"
426,ADST,AdShares,2.005E-5,$0.333365,"$7,806"
427,PIRL,Pirl,4.817E-5,$0.801071,"$110,246"
428,QRK,Quark,1.03E-6,$0.0171495,"$14,318"
429,GEO,GeoCoin,7.821E-5,$1.30121,"$64,584"
430,CTX,CarTaxi Token,4.28E-6,$0.0711153,"$7,982"
431,ICOO,ICO OpenLedger,0.00054316,$9.03725,"$1,224"
432,SPR,SpreadCoin,2.733E-5,$0.454784,"$203,432"
433,HUC,HunterCoin,1.235E-5,$0.205483,"$62,971"
434,VRM,VeriumReserve,0.00017886,$2.97596,"$523,676"
435,ECC,E-Currency Coin,1.0E-8,$0.000166383,"$8,857"
436,DOT,Dotcoin,9.2E-7,$0.0153111,"$114,827"
437,DRP,DCORP,3.043E-5,$0.506073,"$18,925"
438,FLIXX,Flixxo,3.35E-6,$0.0556757,"$54,079"
439,BPL,Blockpool,1.079E-5,$0.179506,"$11,695"
440,GBX,GoByte,0.00100977,$16.7912,"$217,314"
441,VIVO,VIVO,0.00028233,$4.69483,"$274,083"
442,STA,Starta,4.634E-5,$0.770648,"$7,623"
443,EFL,e-Gulden,1.455E-5,$0.24209,"$58,721"
444,START,Startcoin,5.0E-6,$0.0832318,"$222,210"
445,LUX,LUXCoin,0.00036687,$6.10058,"$287,311"
446,XSH,SHIELD,4.6E-7,$0.00770802,"$25,673"
447,XMG,Magi,2.798E-5,$0.465599,"$160,364"
448,BTCRED,Bitcoin Red,1.204E-5,$0.200146,"$173,343"
449,BUZZ,BuzzCoin,3.0E-8,$0.000501095,"$41,069"
450,SMART,SmartBillions,3.144E-5,$0.522797,"$92,018"
451,REX,REX,2.399E-5,$0.398849,"$3,157"
452,INXT,Internxt,0.0003293,$5.47579,"$9,853"
453,TKS,Tokes,0.0001825,$3.03648,"$101,241"
454,ARN,Aeron,1.732E-5,$0.287978,"$1,929,050"
455,CHIPS,CHIPS,1.001E-5,$0.166454,"$19,278"
456,HUSH,Hush,8.852E-5,$1.47285,"$73,570"
457,OPT,Opus,1.41E-6,$0.0235105,"$3,935"
458,PBL,Pebbles,1.06E-5,$0.176319,"$111,862"
459,EBST,eBoost,1.64E-5,$0.272712,"$3,278,680"
460,HDG,Hedge,5.21E-5,$0.866409,"$47,940"
461,GB,GoldBlocks,1.26E-5,$0.209651,"$37,387"
462,ATL,ATLANT,1.455E-5,$0.241967,"$13,160"
463,ZENI,Zennies,1.9E-7,$0.00316123,"$13,193"
464,SIFT,Smart Investment Fund Token,0.00025704,$4.27422,"$1,758"
465,ESP,Espers,9.0E-9,$0.000147209,"$2,324"
466,IXC,Ixcoin,8.67E-6,$0.144186,"$2,093"
467,NIO,Autonio,2.69E-6,$0.0446672,"$21,779"
468,HYP,HyperStake,1.6E-7,$0.00272771,"$5,099"
469,PND,Pandacoin,5.0E-9,$9.00776E-5,"$1,994"
470,UFO,UFO Coin,5.0E-8,$0.000831913,"$7,246"
471,ADC,AudioCoin,2.1E-7,$0.00347911,"$7,954"
472,CRAVE,Crave,0.00011994,$1.99552,"$1,724"
473,CBX,Crypto Bullion,0.00017303,$2.87889,"$7,324"
474,SCL,Social,1.021E-5,$0.169802,"$4,415"
475,CRYPT,CryptCoin,2.799E-5,$0.465705,$620
476,RKC,Royal Kingdom Coin,6.242E-5,$1.03801,"$6,010"
477,ITT,Intelligent Trading Tech,1.701E-5,$0.282827,"$1,608"
478,YOC,Yocoin,1.52E-6,$0.0253205,"$22,435"
479,PROC,ProCurrency,1.72E-6,$0.0286154,"$4,474"
480,PAC,Paccoin,5.0E-11,$8.468E-7,"$13,298"
481,WDC,WorldCoin,1.39E-6,$0.0231799,"$8,195"
482,FYN,FundYourselfNow,0.0001918,$3.18948,"$32,345"
483,BTCZ,BitcoinZ,2.3E-7,$0.00387455,"$30,549"
484,ZOI,Zoin,1.001E-5,$0.166494,"$9,330"
485,DGPT,DigiPulse,0.00011166,$1.85681,"$7,912"
486,NDC,NEVERDIE,3.74E-6,$0.0622219,"$2,987"
487,GRWI,Growers International,0.00013255,$2.20423,"$153,856"
488,NOTE,DNotes,1.16E-6,$0.0193293,"$6,679"
489,FYP,FlypMe,8.55E-6,$0.142222,"$3,208"
490,BWK,Bulwark,0.00026839,$4.46302,"$317,166"
491,LOG,Woodcoin,1.8E-5,$0.299489,"$11,116"
492,BASH,LuckChain,2.0E-7,$0.00332765,"$7,290"
493,GCN,GCoin,1.0E-9,$1.59926E-5,"$13,885"
494,BRIT,BritCoin,6.53E-6,$0.108699,"$3,982"
495,FCN,Fantomcoin,2.2E-5,$0.366042,"$6,493"
496,HBT,Hubii Network,1.034E-5,$0.172022,"$9,331"
497,ORB,Orbitcoin,4.35E-5,$0.723847,"$12,501"
498,WISH,MyWish,7.75E-6,$0.128896,"$19,063"
499,XCN,Cryptonite,3.5E-7,$0.00578149,"$40,156"
500,WGO,WavesGo,1.331E-5,$0.221447,"$15,560"
501,PRIX,Privatix,0.0001075,$1.78755,"$5,090"
502,FLIK,FLiK,2.11E-6,$0.0351492,"$30,932"
503,PIPL,PiplCoin,1.5E-6,$0.0249918,"$1,546"
504,TRCT,Tracto,2.742E-5,$0.455967,"$4,799"
505,XFT,Footy Cash,2.702E-5,$0.449591,"$13,936"
506,ADL,Adelphoi,5.16E-6,$0.0857612,$548
507,SUMO,Sumokoin,4.767E-5,$0.792686,"$33,850"
508,MEC,Megacoin,3.3E-6,$0.0548956,"$6,756"
509,UNY,Unity Ingot,5.9E-7,$0.00988616,"$17,401"
510,1337,1337,5.0E-9,$8.36613E-5,"$18,079"
511,LDOGE,LiteDoge,8.0E-9,$0.000132596,"$4,174"
512,42,42-coin,2.8025,$46628.7,"$5,320"
513,ALT,Altcoin,0.00095511,$15.8823,"$2,148"
514,FST,Fastcoin,7.4E-7,$0.0123438,"$5,635"
515,WTT,Giga Watt Token,0.00012898,$2.14477,"$36,456"
516,BTCS,Bitcoin Scrypt,6.89E-6,$0.114568,"$49,428"
517,NKA,IncaKoin,1.0E-8,$0.000164975,$663
518,LNK,Link Platform,0.00237163,$39.4373,"$3,798"
519,MBRS,Embers,2.23E-6,$0.0371124,"$26,691"
520,EQT,EquiTrader,1.099E-5,$0.182824,"$7,206"
521,MBI,Monster Byte,6.34E-6,$0.105401,$789
522,BYC,Bytecent,5.555E-5,$0.924256,"$141,800"
523,LGD,Legends Room,5.289E-5,$0.879505,"$128,185"
524,ETBS,Ethbits,7.597E-5,$1.26331,"$8,672"
525,LINX,Linx,7.98E-6,$0.132653,"$67,158"
526,BTA,Bata,2.068E-5,$0.344067,"$9,174"
527,VISIO,Visio,2.0E-6,$0.0332065,"$1,714"
528,SPRTS,Sprouts,7.0E-11,$1.1585E-6,"$29,805"
529,CNO,Coin(O),9.3E-7,$0.0154733,$930
530,ITNS,IntenseCoin,3.6E-7,$0.00598635,"$5,464"
531,MRT,Miners' Reward Token,9.71E-6,$0.161414,"$12,656"
532,XMCC,MonacoCoin,3.603E-5,$0.599133,"$29,863"
533,QVT,Qvolta,1.428E-5,$0.237533,"$1,631"
534,RMC,Remicoin,4.75E-5,$0.789866,"$2,646"
535,XHI,HiCoin,4.9E-7,$0.00815267,"$202,821"
536,CDN,Canada eCoin,9.4E-7,$0.0156541,"$13,214"
537,XLR,Solaris,0.00011025,$1.83433,"$11,616"
538,UIS,Unitus,1.92E-6,$0.0319212,"$9,267"
539,ADZ,Adzcoin,2.04E-6,$0.0338636,"$16,011"
540,ALQO,ALQO,7.54E-6,$0.125299,"$52,232"
541,PRL,Oyster Pearl,2.93E-6,$0.0487876,"$24,336"
542,CCRB,CryptoCarbon,2.417E-5,$0.402191,"$81,354"
543,DEM,Deutsche eMark,2.63E-6,$0.0437076,"$8,083"
544,ELE,Elementrem,3.3E-6,$0.0549063,"$1,120"
545,RLT,RouletteToken,8.3E-6,$0.138022,"$21,648"
546,ZET,Zetacoin,5.1E-7,$0.0084052,"$8,742"
547,UNB,UnbreakableCoin,3.676E-5,$0.611623,"$286,068"
548,RAIN,Condensate,9.5E-7,$0.0157225,"$10,275"
549,CCO,Ccore,8.335E-5,$1.38608,"$35,215"
550,ELLA,Ellaism,2.873E-5,$0.477696,"$23,508"
551,RNS,Renos,2.46E-6,$0.0409053,"$5,173"
552,INFX,Influxcoin,4.835E-5,$0.804392,"$79,686"
553,ARC,ArcticCoin,3.26E-6,$0.0542458,"$50,719"
554,BTB,BitBar,0.00219047,$36.4456,"$2,998"
555,ZER,Zero,3.865E-5,$0.642989,"$6,589"
556,KEK,KekCoin,7.31E-6,$0.121492,"$5,186"
557,GRE,Greencoin,2.0E-8,$0.000344092,"$8,777"
558,FJC,FujiCoin,6.0E-8,$0.00101129,"$3,452"
559,DNR,Denarius,3.695E-5,$0.614456,"$11,272"
560,SIGT,Signatum,6.6E-7,$0.0109785,"$5,641"
561,DFT,DraftCoin,3.168E-5,$0.527172,"$5,060"
562,LCP,Litecoin Plus,9.002E-5,$1.49778,"$100,918"
563,PURE,Pure,2.402E-5,$0.399423,"$15,700"
564,STRC,StarCredits,1.5E-5,$0.249431,"$2,682"
565,OPAL,Opal,4.4E-6,$0.0731951,"$1,226"
566,ACC,Accelerator Network,0.00030612,$5.09045,"$1,707"
567,ZZC,ZoZoCoin,0.00012199,$2.02854,"$48,600"
568,EBET,EthBet,7.57E-6,$0.125871,"$9,203"
569,MAG,Magnet,1.299E-5,$0.216008,"$32,207"
570,XIOS,Xios,2.95E-5,$0.490505,"$22,424"
571,MAO,Mao Zedong,1.018E-5,$0.169281,$879
572,LINDA,Linda,1.0E-8,$0.000172808,"$8,727"
573,SMLY,SmileyCoin,2.0E-9,$3.97218E-5,"$3,515"
574,UNIFY,Unify,3.48E-6,$0.0579165,"$22,492"
575,POS,PoSToken,6.966E-5,$1.15844,"$26,214"
576,DCY,Dinastycoin,4.0E-8,$0.000708613,$602
577,SKIN,SkinCoin,6.8E-7,$0.0113319,"$22,472"
578,GAIA,GAIA,2.45E-6,$0.0407679,"$3,905"
579,BITBTC,bitBTC,1.26402,$21031.1,"$7,899"
580,USNBT,NuBits,6.074E-5,$1.01061,"$9,076,240"
581,GIM,Gimli,7.2E-7,$0.0120251,"$5,099"
582,ZEIT,Zeitcoin,2.0E-9,$2.57753E-5,"$30,007"
583,MAC,Machinecoin,2.82E-6,$0.0469986,$541
584,MOIN,Moin,7.75E-6,$0.129015,"$6,099"
585,BRO,Bitradio,9.56E-6,$0.158904,"$1,883"
586,VSX,Vsync,5.7E-7,$0.00944986,"$4,686"
587,DP,DigitalPrice,3.19E-6,$0.0531143,"$24,804"
588,IFLT,InflationCoin,2.0E-9,$2.55492E-5,"$1,578"
589,SMC,SmartCoin,2.21E-6,$0.036832,$745
590,HBN,HoboNickels,8.7E-7,$0.0144753,"$2,217"
591,CPC,Capricoin,2.553E-5,$0.424722,"$215,888"
592,HOLD,Interstellar Holdings,7.6E-7,$0.0126664,"$23,786"
593,TES,TeslaCoin,6.9E-7,$0.0114717,$818
594,HERO,Sovereign Hero,0.010505,$174.685,"$96,366"
595,XGOX,XGOX,7.0E-8,$0.00116926,"$10,499"
596,NETKO,Netko,1.128E-5,$0.187614,"$17,672"
597,DSH,Dashcoin,2.77E-6,$0.04617,"$3,429"
598,TKR,CryptoInsight,3.88E-6,$0.0645375,"$8,044"
599,BTCR,Bitcurrency,2.8E-7,$0.00472677,"$1,093"
600,CRC,CrowdCoin,0.00020188,$3.35695,"$74,031"
601,RBIES,Rubies,4.54E-6,$0.0755021,$910
602,BRIA,BriaCoin,7.42E-5,$1.23386,"$9,065"
603,BPC,Bitpark Coin,6.1E-7,$0.0101493,$501
604,MNE,Minereum,2.764E-5,$0.459591,"$6,539"
605,CCT,Crystal Clear ,1.731E-5,$0.287918,"$1,793"
606,PXC,Phoenixcoin,7.1E-7,$0.0118114,"$3,890"
607,ALTCOM,AltCommunity Coin,0.00030043,$4.99585,"$3,840"
608,ELTCOIN,ELTCOIN,4.7E-7,$0.00788003,"$44,778"
609,UFR,Upfiring,2.93E-6,$0.0487515,"$5,555"
610,BCF,BitcoinFast,8.48E-6,$0.141168,"$8,030"
611,PFR,Payfair,7.2E-7,$0.0120025,"$7,040"
612,ATOM,Atomic Coin,2.97E-6,$0.0494394,"$86,634"
613,NTO,Fujinto,6.0E-7,$0.00997755,"$285,363"
614,LTB,LiteBar,4.696E-5,$0.781414,"$2,000"
615,XPD,PetroDollar,5.9E-7,$0.00976562,"$12,401"
616,COLX,ColossusCoinXT,9.0E-9,$0.000154279,"$9,360"
617,BBT,BitBoost,7.61E-6,$0.126565,"$2,576"
618,XJO,Joulecoin,1.07E-6,$0.0177898,"$2,872"
619,BBP,BiblePay,1.3E-7,$0.00216173,"$21,876"
620,ATS,Authorship,4.5E-7,$0.00750156,"$12,291"
621,TIT,Titcoin,7.2E-7,$0.0119827,"$1,448"
622,WHL,WhaleCoin,8.12E-6,$0.135013,"$32,384"
623,MUT,Mutual Coin,7.0E-8,$0.0012139,"$42,357"
624,TAG,TagCoin,5.74E-6,$0.0954496,"$2,408"
625,EPY,Emphy,4.46E-6,$0.0742441,"$4,651"
626,ZUR,Zurcoin,3.9E-7,$0.0064884,"$5,947"
627,ETG,Ethereum Gold,2.77E-6,$0.046129,"$7,787"
628,TRUMP,TrumpCoin,5.03E-6,$0.0837259,"$2,974"
629,FUCK,FuckToken,6.4E-7,$0.0106053,"$11,536"
630,DGC,Digitalcoin,1.17E-6,$0.0193962,"$4,532"
631,CRM,Cream,7.0E-7,$0.0116769,"$1,738"
632,CFT,CryptoForecast,6.8E-7,$0.0112469,"$1,671"
633,BUCKS,SwagBucks,9.462E-5,$1.57425,$995
634,DAXX,DaxxCoin,6.0E-8,$0.00098995,$541
635,PAK,Pakcoin,6.6E-7,$0.0109671,"$1,680"
636,IETH,iEthereum,1.64E-6,$0.0273175,"$11,584"
637,8BIT,8Bit,1.995E-5,$0.331995,$885
638,CCN,Cannacoin,6.22E-6,$0.103528,"$1,962"
639,NEWB,Newbium,5.7E-7,$0.00946919,"$2,761"
640,VLT,Veltor,5.05E-5,$0.840233,$548
641,BOLI,Bolivarcoin,3.27E-6,$0.0544717,"$3,024"
642,HNC,Helleniccoin,4.3E-7,$0.00710532,"$3,930"
643,GOOD,Goodomy,6.0E-8,$0.00101413,$900
644,BXT,BitTokens,4.731E-5,$0.787228,"$2,222"
645,CHESS,ChessCoin,4.9E-7,$0.0081843,"$1,032"
646,HPC,Happycoin,2.01E-6,$0.0334117,"$5,071"
647,BTWTY,Bit20,25.2394,$419699,"$3,309"
648,KUSH,KushCoin,4.59E-6,$0.0764262,"$1,153"
649,BLN,Bolenum,2.5E-6,$0.0415641,"$14,133"
650,TRI,Triangles,0.00033616,$5.59313,"$1,623"
651,E4ROW,E4ROW,4.25E-6,$0.0707067,"$1,055"
652,SDRN,Senderon,6.4E-7,$0.0106529,"$8,149"
653,ECA,Electra,1.0E-9,$1.83751E-5,"$1,075"
654,CUBE,DigiCube,1.0E-8,$0.000166383,"$1,840"
655,HODL,HOdlcoin,1.5E-7,$0.00249574,$828
656,C2,Coin2.1,2.4E-7,$0.0039511,"$1,131"
657,CNNC,Cannation,9.5E-6,$0.157985,"$10,428"
658,PIGGY,Piggycoin,5.0E-8,$0.000801928,"$1,525"
659,BITS,Bitstar,1.01E-6,$0.0168359,"$1,038"
660,SAGA,SagaCoin,0.0001051,$1.74768,"$72,093"
661,DDF,DigitalDevelopersFund,4.55E-6,$0.0756556,"$2,500"
662,FRK,Franko,2.5E-5,$0.415957,"$1,740"
663,SWING,Swing,8.31E-6,$0.138233,$693
664,XLC,LeviarCoin,2.33E-6,$0.0388098,"$4,195"
665,CFD,Confido,2.55E-6,$0.0423715,"$6,762"
666,GAP,Gapcoin,1.88E-6,$0.0312797,"$1,728"
667,STV,Sativacoin,3.16E-6,$0.0525574,"$1,067"
668,XCPO,Copico,1.42E-6,$0.0236531,"$52,266"
669,BIGUP,BigUp,1.0E-8,$0.000170121,"$1,143"
670,SPACE,SpaceCoin,9.9E-7,$0.0164828,"$1,759"
671,ECASH,Ethereum Cash,1.47E-6,$0.0243702,"$13,049"
672,808,808Coin,5.0E-9,$8.57716E-5,"$2,231"
673,BUN,BunnyCoin,2.0E-10,$3.3268E-6,"$1,665"
674,4CHN,ChanCoin,2.94E-6,$0.0489614,$593
675,MAD,SatoshiMadness,1.0E-8,$0.000166383,"$2,521"
676,ETHD,Ethereum Dark,1.321E-5,$0.219617,"$35,464"
677,XPTX,PlatinumBAR,4.443E-5,$0.739169,"$1,821"
678,EL,Elcoin,1.7E-6,$0.0282646,"$1,821"
679,BTG,Bitgem,0.00032,$5.32431,"$5,413"
680,EMB,EmberCoin,2.0E-10,$3.4101E-6,"$13,790"
681,DALC,Dalecoin,4.617E-5,$0.76783,"$1,548"
682,BSTY,GlobalBoost-Y,1.4E-6,$0.0233093,$584
683,POST,PostCoin,1.16E-6,$0.0193213,"$1,022"
684,XGR,GoldReserve,1.07E-6,$0.0178029,$841
685,MEOW,Kittehcoin,8.0E-10,$1.25773E-5,"$5,740"
686,XBTC21,Bitcoin 21,2.271E-5,$0.377855,"$1,515"
687,WYV,Wyvern,1.001E-5,$0.166549,"$2,339"
688,WMC,WMCoin,1.52E-6,$0.0252902,$592
689,PASL,Pascal Lite,3.95E-6,$0.0657212,"$2,652"
690,LANA,LanaCoin,2.0E-8,$0.000337234,$806
691,BLC,Blakecoin,1.12E-6,$0.0186683,"$2,287"
692,QTL,Quatloo,2.19E-6,$0.0364368,$784
693,CORG,CorgiCoin,1.0E-8,$0.00022393,"$1,501"
694,PHS,Philosopher Stones,2.8E-6,$0.0465872,"$2,386"
695,YAC,Yacoin,1.4E-7,$0.00232936,"$1,664"
696,ARI,Aricoin,1.2E-7,$0.00199096,"$1,272"
697,MNC,Mincoin,4.07E-6,$0.0677521,$580
698,KLC,KiloCoin,8.0E-8,$0.00133106,"$3,412"
699,CAT,Catcoin,2.52E-6,$0.0419284,"$2,373"
700,BLAS,BlakeStar,6.0E-8,$0.00104964,"$4,079"
701,PHO,Photon,8.0E-10,$1.25026E-5,"$3,044"
702,TTC,TittieCoin,1.0E-8,$0.000202228,"$1,981"
703,RED,RedCoin,2.0E-7,$0.00332291,"$1,520"
704,XVP,Virtacoinplus,1.35E-6,$0.0224798,"$1,122"
705,EMD,Emerald Crypto,7.7E-7,$0.0128007,"$2,579"
706,PXI,Prime-XI,8.0E-7,$0.0132868,$691
707,BITSILVER,bitSilver,0.00125448,$20.8724,"$3,184"
708,XRE,RevolverCoin,6.3E-7,$0.0104821,$859
709,XCRE,Creatio,6.8E-7,$0.0113394,$811
710,XRA,Ratecoin,1.2E-7,$0.00199659,$541
711,ENT,Eternity,3.37E-6,$0.05609,$848
712,ACOIN,Acoin,1.124E-5,$0.186965,"$3,170"
713,HMP,HempCoin,1.0E-8,$0.000166383,"$1,664"
714,EBCH,eBitcoin Cash,1.45E-6,$0.024085,"$3,207"
715,BUMBA,BumbaCoin,5.9E-7,$0.00981671,"$1,162"
716,GTC,Global Tour Coin,4.4E-7,$0.00731665,"$69,788"
717,TYCHO,Tychocoin,2.56E-6,$0.0425696,"$4,905"
718,ZCG,ZCash Gold,6.36E-6,$0.105712,"$8,248"
719,LTCR,Litecred,4.2E-7,$0.00695775,"$8,419"
720,XCT,C-Bit,8.0E-8,$0.00131007,$621
721,XBL,Billionaire Token,3.73E-6,$0.0621024,"$5,954"
722,XCXT,CoinonatX,7.4E-7,$0.0123201,"$2,155"
723,ISL,IslaCoin,7.9E-6,$0.131442,"$9,500"
724,TEK,TEKcoin,8.0E-9,$0.000140511,$541
725,POP,PopularCoin,4.0E-9,$5.87145E-5,"$1,983"
726,CMPCO,CampusCoin,4.0E-8,$0.000666139,"$3,822"
727,EAGLE,EagleCoin,5.59E-6,$0.0929555,"$27,248"
728,CJ,Cryptojacks,3.0E-8,$0.000475222,"$2,009"
729,GPU,GPU Coin,2.8E-7,$0.00466838,"$6,787"
730,ECO,EcoCoin,9.78E-6,$0.16265,"$3,757"
731,EGAS,ETHGAS,1.1E-6,$0.0183137,"$3,880"
732,XPY,PayCoin,9.4E-7,$0.0156323,"$1,083"
733,EUC,Eurocoin,8.9E-7,$0.0147807,"$1,749"
734,COAL,BitCoal,2.43E-6,$0.0404015,"$3,264"
735,CACH,CacheCoin,2.6E-6,$0.0432595,"$1,846"
736,HONEY,Honey,3.064E-5,$0.509859,"$4,389"
737,BTPL,Bitcoin Planet,1.87E-6,$0.0310958,"$1,416"
738,MONK,Monkey Project,9.949E-5,$1.6544,"$10,089"
739,TAJ,TajCoin,1.26E-6,$0.0209044,"$2,209"
740,DRXNE,DROXNE,1.6E-7,$0.00265965,"$3,578"
741,IMS,Independent Money System,1.88E-6,$0.0312727,$699
742,HXX,Hexx,6.73E-6,$0.111957,$889
743,JIN,Jin Coin,1.0E-6,$0.0166383,$512
744,SCORE,Scorecoin,3.2E-7,$0.00539388,"$3,858"
745,SRC,SecureCoin,1.16E-6,$0.0193774,"$1,609"
746,HAT,Hawla.Today,2.597E-5,$0.431801,"$16,389"
747,DBTC,Debitcoin,4.8E-7,$0.00798637,$831
748,UNITS,GameUnits,2.42E-6,$0.0403398,"$1,848"
749,KIC,KibiCoin,5.7E-7,$0.00948539,$705
750,FUNC,FUNCoin,1.39E-6,$0.0230914,"$1,777"
751,CMT,Comet,9.24E-6,$0.153758,"$2,453"
752,BIP,BipCoin,4.93E-6,$0.0819745,"$1,431"
753,BITEUR,bitEUR,7.933E-5,$1.31993,"$15,664"
754,NEVA,NevaCoin,3.19E-6,$0.0530397,"$1,231"
755,VUC,Virta Unique Coin,1.3E-7,$0.00211953,"$1,613"
756,SGR,Sugar Exchange,2.22E-6,$0.036978,"$1,447"
757,EOT,EOT Token,4.9E-7,$0.00816892,"$1,436"
758,MAR,Marijuanacoin,4.76E-6,$0.0792125,$507
759,BITGOLD,bitGold,0.0839578,$1396.91,"$1,391"
760,BLZ,BlazeCoin,1.0E-8,$0.000188218,"$1,511"
761,BAS,BitAsean,1.37E-6,$0.0228402,"$1,051"
762,RUPX,Rupaya,1.11E-6,$0.0184464,"$2,367"
763,AERM,Aerium,8.86E-6,$0.147324,"$1,919"
764,ACP,AnarchistsPrime,1.44E-6,$0.0238842,"$1,444"
765,BSTAR,Blackstar,1.0E-8,$0.000166383,"$1,689"
766,PRC,PRCoin,3.8E-7,$0.00632254,"$27,758"
767,NRO,Neuro,1.5E-7,$0.00249431,"$1,786"
768,KAYI,Kayicoin,2.0E-8,$0.000333008,"$303,666"
769,GLT,GlobalToken,2.1E-7,$0.00349766,$923
770,ARB,ARbit,7.0E-7,$0.0116468,$527
771,CRDNC,Credence Coin,1.61E-6,$0.0267027,"$222,762"
772,ASAFE2,AllSafe,6.6E-7,$0.0109718,$557
773,REE,ReeCoin,2.0E-9,$3.0305E-5,$683
774,KURT,Kurrent,4.6E-7,$0.00773333,$550
775,KRONE,Kronecoin,1.19E-6,$0.0197327,$553
776,BRAT,BRAT,3.0E-8,$0.000449932,$900
777,XCO,X-Coin,3.4E-7,$0.00570333,$689
778,MCRN,MACRON,1.0E-8,$0.000170176,"$1,703"
779,ITZ,Interzone,1.97E-6,$0.0327403,"$1,508"
780,BOAT,Doubloon,2.0E-7,$0.00333387,"$1,122"
781,WOMEN,WomenCoin,8.0E-8,$0.00128822,"$1,030"
782,ATX,Artex Coin,1.8E-7,$0.00301122,"$1,316"
783,XCS,CybCSec,2.6E-7,$0.00432348,"$1,644"
784,LTCU,LiteCoin Ultra,3.4E-6,$0.0565198,"$18,604"
785,DIBC,DIBCOIN,5.9E-7,$0.00989439,$623
786,VTA,Virtacoin,4.0E-10,$6.6144E-6,"$7,775"
787,GSR,GeyserCoin,3.821E-5,$0.635385,"$5,774"
788,CREVA,CrevaCoin,5.0E-8,$0.000814504,"$11,027"
789,LBTC,LiteBitcoin,4.9E-7,$0.00820614,"$9,939"
790,GRIM,Grimcoin,7.0E-8,$0.00116502,$655
791,ROOFS,Roofs,1.0E-8,$0.000166288,"$1,848"
792,CTO,Crypto,9.0E-8,$0.00149744,"$1,918"
793,XRC,Rawcoin,1.47E-6,$0.0245141,"$1,145"
794,LVPS,LevoPlus,6.2E-7,$0.0103217,"$2,951"
795,ARGUS,Argus,6.3E-7,$0.0104188,$716
796,VRS,Veros,1.0E-9,$2.10254E-5,"$2,099"
797,HMC,HarmonyCoin,6.7E-7,$0.0111898,"$3,014"
798,XNG,Enigma,1.722E-5,$0.286511,"$2,369"
799,NANOX,Project-X,2.7,$44897.7,$668
800,UNITY,SuperNET,0.00345107,$57.4199,$16
801,PPY,Peerplays,0.00023027,$3.8291,$488
802,STCN,Stakecoin,0.00018963,$2.19993,$0
803,PGL,Prospectors Gold,8.89E-6,$0.14783,$7
804,CV2,Colossuscoin V2,1.0E-8,$0.000232502,$227
805,YASH,YashCoin,3.0E-5,$0.499148,$274
806,XC,XCurrency,5.085E-5,$0.846103,$318
807,B@,Bankcoin,2.477E-5,$0.427743,$0
808,FIMK,FIMKrypto,4.0E-7,$0.00583928,$0
809,RUSTBITS,Rustbits,4.25E-6,$0.0717053,$0
810,JNS,Janus,6.35E-6,$0.105653,$398
811,AHT,Bowhead,1.737E-5,$0.288875,$290
812,CADASTRAL,Bitland,4.56E-6,$0.0758631,$147
813,CARBON,Carboncoin,8.0E-9,$0.000134199,$132
814,HTC,HitCoin,1.0E-8,$0.000165975,$0
815,RC,RussiaCoin,1.302E-5,$0.216559,$217
816,SHORTY,Shorty,1.01E-6,$0.0168047,$11
817,ARC,Arcade Token,6.467E-5,$1.07599,$6
818,INPAY,InPay,9.4E-6,$0.1564,$26
819,INSN,InsaneCoin,4.25E-6,$0.0706837,$341
820,KOBO,Kobocoin,2.92E-6,$0.0485566,$393
821,UTC,UltraCoin,1.56E-6,$0.0259923,$253
822,SDC,ShadowCash,1.005E-5,$0.167215,$78
823,NOBL,NobleCoin,3.0E-8,$0.000472623,$45
824,METAL,MetalCoin,8.5E-7,$0.0141425,$13
825,BTSR,BTSR,1.973E-5,$0.328218,$207
826,MZC,MazaCoin,4.0E-8,$0.000686217,$252
827,NET,NetCoin,7.0E-8,$0.00116598,$187
828,VAL,Valorbit,1.0E-8,$0.000166383,$5
829,STS,Stress,8.0E-8,$0.00133106,$303
830,MAX,MaxCoin,7.1E-7,$0.0118132,$238
831,TROLL,Trollcoin,8.0E-8,$0.00127643,$214
832,BLOCKPAY,BlockPay,7.33E-6,$0.121876,$219
833,FC2,FuelCoin,3.9E-7,$0.00648892,$181
834,TALK,BTCtalkcoin,6.0E-7,$0.0100038,$61
835,RIYA,Etheriya,2.404E-5,$0.399709,$171
836,FLT,FlutterCoin,1.1E-7,$0.00190657,$465
837,CASINO,Casino,3.427E-5,$0.598193,$0
838,SAC,SACoin,4.94E-6,$0.0821931,$12
839,USC,Ultimate Secure Cash,3.21E-6,$0.0553784,$0
840,AU,AurumCoin,0.0001153,$1.91839,$97
841,OTX,Octanox,4.0E-6,$0.066515,$479
842,UNIC,UniCoin,1.137E-5,$0.189185,$201
843,LOT,LottoCoin,2.0E-9,$3.85697E-5,$27
844,FUNK,The Cypherfunks,7.0E-10,$1.18981E-5,$247
845,V,Version,7.0E-8,$0.00117315,$213
846,WAY,WayGuide,3.3E-7,$0.00549063,$7
847,ITI,iTicoin,0.00100921,$16.7916,$239
848,ROC,Rasputin Online Coin,2.955E-5,$0.491411,$295
849,UNI,Universe,2.66E-6,$0.044299,$362
850,SPEX,SproutsExtreme,1.0E-8,$0.00017515,$0
851,ABJ,Abjcoin,3.84E-6,$0.0585868,$0
852,NYAN,Nyancoin,9.0E-8,$0.00149765,$338
853,DUO,ParallelCoin,9.314E-5,$1.54973,$421
854,I0C,I0Coin,1.3E-6,$0.0215925,$27
855,TGC,Tigercoin,6.2E-7,$0.0103157,$35
856,PR,Prototanium,0.00013773,$2.29168,$327
857,SLG,Sterlingcoin,6.41E-6,$0.106713,$136
858,FLY,Flycoin,0.00011296,$1.94641,$0
859,J,Joincoin,9.94E-6,$0.165315,$72
860,ICN,iCoin,8.3E-7,$0.0138098,$278
861,GUN,Guncoin,1.2E-7,$0.00197233,$140
862,BERN,BERNcash,3.3E-7,$0.00546804,$310
863,GLC,GlobalCoin,3.5E-7,$0.00582339,$0
864,FRC,Freicoin,7.7E-7,$0.0128115,$49
865,ICE,iDice,1.354E-5,$0.225083,$443
866,EVO,Evotion,6.65E-6,$0.110627,$222
867,Q2C,QubitCoin,8.0E-8,$0.00133106,$418
868,HAL,Halcyon,3.6E-6,$0.0598978,$39
869,TRK,Truckcoin,1.2E-7,$0.00199635,$480
870,VIDZ,PureVidz,1.4E-7,$0.00240525,$277
871,FNC,FinCoin,1.33E-6,$0.0220995,$239
872,888,OctoCoin,3.3E-7,$0.00549682,$90
873,SHDW,Shadow Token,2.32E-6,$0.0386372,$84
874,EVIL,Evil Coin,7.0E-7,$0.0116624,$395
875,SLING,Sling,1.349E-5,$0.22445,$88
876,CON,PayCon,6.0E-7,$0.0100152,$425
877,GRT,Grantcoin,3.2E-7,$0.00532083,$23
878,URC,Unrealcoin,1.96E-6,$0.032611,$204
879,MOJO,MojoCoin,1.12E-6,$0.0186579,$272
880,AMBER,AmberCoin,3.1E-7,$0.00515786,$46
881,LEA,LeaCoin,4.0E-8,$0.000664647,$291
882,OHM,OHM,4.2E-7,$0.00698408,$83
883,CYP,Cypher,1.93E-6,$0.0321119,$140
884,SOON,SoonCoin,9.8E-7,$0.0163243,$268
885,JET,Jetcoin,2.46E-6,$0.0408897,$340
886,KED,Darsek,8.1E-7,$0.0134978,$321
887,FIRE,Firecoin,0.00011965,$1.99077,$84
888,DLC,Dollarcoin,1.28E-6,$0.021297,$185
889,PX,PX,1.2E-7,$0.00199659,$4
890,ARG,Argentum,1.34E-6,$0.0222422,$496
891,USDE,USDe,1.0E-8,$0.000166383,$329
892,VC,VirtualCoin,1.11E-6,$0.0184685,$102
893,ARCO,AquariusCoin,6.8E-6,$0.113202,$246
894,MNM,Mineum,1.06E-6,$0.0176094,$79
895,SH,Shilling,2.5E-7,$0.00414605,$78
896,RBX,Ripto Bux,3.0E-8,$0.000431057,$134
897,MARS,Marscoin,3.4E-7,$0.00570117,$131
898,AMMO,Ammo Rewards,1.2E-7,$0.00199545,$103
899,EMP,EMoneyPower,1.0E-6,$0.0168147,$0
900,DRM,Dreamcoin,3.71E-6,$0.0625768,$0
901,URO,Uro,7.59E-6,$0.126284,$377
902,BITZ,Bitz,4.43E-6,$0.0760069,$0
903,TSE,Tattoocoin (Standard Edition),1.0E-7,$0.00167172,$336
904,BOST,BoostCoin,7.6E-7,$0.0126451,$33
905,ANTI,AntiBitcoin,5.1E-7,$0.00848552,$70
906,MTLMC3,Metal Music Coin,1.1E-7,$0.00180477,$65
907,PIE,PIECoin,6.8E-7,$0.0113076,$335
908,GP,GoldPieces,6.91E-6,$0.115044,$486
909,MST,MustangCoin,1.303E-5,$0.216728,$71
910,611,SixEleven,1.897E-5,$0.315589,$76
911,MRJA,GanjaCoin,1.8E-6,$0.0306149,$0
912,CAGE,CageCoin,8.0E-11,$1.306E-6,$40
913,CPN,CompuCoin,4.0E-7,$0.00663512,$467
914,SCRT,SecretCoin,1.77E-6,$0.0294497,$188
915,ALL,Allion,1.19E-6,$0.0198714,$66
916,GPL,Gold Pressed Latinum,2.882E-5,$0.479241,$67
917,CF,Californium,2.95E-6,$0.0490829,$347
918,ICOB,ICOBID,7.0E-8,$0.00110451,$187
919,VEC2,Vector,4.2E-7,$0.00698807,$86
920,GCC,GuccioneCoin,3.4E-7,$0.00565701,$35
921,RPC,RonPaulCoin,7.23E-6,$0.120348,$174
922,QCN,QuazarCoin,1.0E-6,$0.0166383,$184
923,ZMC,ZetaMicron,1.0E-8,$0.000166383,$267
924,WARP,WARP,5.24E-6,$0.0871845,$14
925,ADCN,Asiadigicoin,2.3E-7,$0.0038268,$71
926,SOIL,SOILcoin,1.0E-6,$0.0167056,$265
927,MND,MindCoin,3.6E-7,$0.00598978,$44
928,SLM,Slimcoin,3.8E-7,$0.00632254,$100
929,BLRY,BillaryCoin,5.9E-7,$0.0104013,$0
930,CRX,Chronos,8.0E-8,$0.00125708,$289
931,JWL,Jewels,2.7E-7,$0.00449233,$49
932,BTQ,BitQuark,5.9E-7,$0.00981658,$150
933,XBTS,Beatcoin,3.4E-6,$0.0566092,$24
934,MAY,Theresa May Coin,2.0E-7,$0.00337822,$271
935,300,300 Token,0.01681,$284.625,$0
936,DRS,Digital Rupees,1.0E-8,$0.000166383,$17
937,BVC,BeaverCoin,1.63E-6,$0.0271134,$34
938,SPT,Spots,2.2E-7,$0.0037355,$214
939,BSC,BowsCoin,8.4E-7,$0.0139761,$10
940,EXN,ExchangeN,8.8E-7,$0.0146814,$124
941,ORLY,Orlycoin,1.2E-7,$0.00199659,$124
942,$$$,Money,9.0E-8,$0.00149116,$482
943,PRX,Printerium,3.4E-7,$0.00565701,$200
944,CNC,CHNCoin,8.0E-8,$0.00133106,$50
945,BIOS,BiosCrypto,1.9E-7,$0.00316127,$54
946,VOT,VoteCoin,2.4E-7,$0.0039909,$87
947,BENJI,BenjiRolls,1.9E-7,$0.00316954,$77
948,CRT,CRTCoin,4.8E-5,$0.798637,$28
949,OFF,Cthulhu Offerings,1.38E-6,$0.0238522,$0
950,TAGR,TAGRcoin,1.0E-7,$0.00159359,$0
951,ERY,Eryllium,6.6E-7,$0.0110488,$402
952,CWXT,CryptoWorldX Token,6.0E-8,$0.000996765,$28
953,CXT,Coinonat,4.1E-7,$0.00687232,$85
954,EREAL,eREAL,5.0E-8,$0.000834339,$66
955,FLAX,Flaxscript,6.0E-7,$0.0100026,$110
956,VIP,VIP Tokens,4.0E-8,$0.000665531,$3
957,SONG,SongCoin,1.0E-7,$0.00167329,$81
958,DPAY,DPAY,4.0E-8,$0.000665531,$3
959,PULSE,Pulse,2.2E-7,$0.00366042,$11
960,OS76,OsmiumCoin,3.47E-6,$0.0577348,$104
961,TOR,Torcoin,9.79E-6,$0.162861,$82
962,IMPS,ImpulseCoin,1.5E-7,$0.00249574,$31
963,GBT,GameBet Coin,1.4E-7,$0.00232936,$93
964,NTWK,Network Token,2.6E-7,$0.0042424,$89
965,SFC,Solarflarecoin,2.1E-7,$0.0035048,$136
966,PONZI,PonziCoin,3.43E-6,$0.0570693,$189
967,CESC,CryptoEscudo,2.0E-8,$0.000332765,$144
968,LUNA,Luna Coin,1.61E-6,$0.0267143,$128
969,PEX,PosEx,1.09E-6,$0.0181357,$193
970,G3N,G3N,3.5E-7,$0.00582339,$12
971,ICON,Iconic,4.32E-6,$0.0718773,$328
972,RBT,Rimbit,2.0E-8,$0.000368313,$139
973,ZYD,Zayedcoin,4.0E-7,$0.00665531,$126
974,HVCO,High Voltage,1.65E-6,$0.0274531,$9
975,FUZZ,FuzzBalls,5.1E-7,$0.00848552,$13
976,MSCN,Master Swiscoin,5.0E-8,$0.00090899,$457
977,STEPS,Steps,1.3E-7,$0.00216298,$109
978,EGO,EGO,4.0E-8,$0.000665531,$438
979,UET,Useless Ethereum Token,6.0E-7,$0.00989893,$27
980,CASH,Cashcoin,5.0E-8,$0.000848552,$345
981,CRTM,Corethum,9.3E-7,$0.015501,$269
982,DIX,Dix Asset,2.0E-11,$3.85E-7,$0
983,MTM,MTMGaming,7.6E-7,$0.0128045,$0
984,COXST,CoExistCoin,8.0E-8,$0.00139303,$0
985,IMX,Impact,2.0E-8,$0.000344087,$0
986,WORM,HealthyWormCoin,2.0E-8,$0.000332765,$462
987,FLVR,FlavorCoin,1.2E-7,$0.00173805,$0
988,LIR,LetItRide,6.0E-8,$0.000998296,$31
989,GBC,GBCGoldCoin,1.9E-7,$0.00318516,$147
990,JOBS,JobsCoin,2.0E-8,$0.000332765,$139
991,PLACO,PlayerCoin,6.0E-8,$0.000997726,$413
992,SLEVIN,Slevin,3.0E-8,$0.000498863,$47
993,DLISK,DAPPSTER,2.0E-8,$0.000343146,$0
994,PLNC,PLNcoin,1.2E-7,$0.00199659,$12
995,VLTC,Vault Coin,7.0E-8,$0.00109864,$361
996,SDP,SydPak,1.188E-5,$0.197663,$2
997,XOC,Xonecoin,4.48E-6,$0.0745394,$18
998,BRAIN,Braincoin,1.8E-7,$0.00299489,$41
999,ZNE,Zonecoin,6.7E-7,$0.0115547,$0
1000,SCS,Speedcash,6.56E-6,$0.109085,$59
1001,DES,Destiny,1.01E-6,$0.017462,$0
1002,WBB,Wild Beast Block,9.55E-6,$0.158895,$42
1003,KNC,KingN Coin,0.0008,$13.303,$296
1004,VPRC,VapersCoin,2.0E-9,$3.4044E-5,$269
1005,BNX,BnrtxCoin,6.0E-8,$0.000997726,$75
1006,ALTC,Antilitecoin,5.0E-8,$0.000831913,$2
1007,DOLLAR,Dollar Online,1.99E-6,$0.0331102,$5
1008,FXE,FuturXe,6.17E-6,$0.102592,$125
1009,QBK,Qibuck Asset,7.5E-7,$0.0125259,$0
1010,RSGP,RSGPcoin,0.00069,$11.4738,$65
1011,SLFI,Selfiecoin,1.0E-8,$0.000166383,$25
1012,P7C,P7Coin,3.0E-8,$0.000508376,$0
1013,CAB,Cabbage,1.0E-7,$0.00166383,$14
1014,BIOB,BioBar,1.14E-6,$0.0194839,$0
1015,GEERT,GeertCoin,2.0E-7,$0.00338175,$290
1016,RIDE,Ride My Car,1.0E-8,$0.000166383,$48
1017,JS,JavaScript Token,1.3E-7,$0.00207878,$231
1018,SOCC,SocialCoin,5.8E-7,$0.00964468,$130
1019,IBANK,iBank,1.7E-7,$0.00282851,$8
1020,DAS,DAS,3.7E-7,$0.00469418,$0
1021,VOLT,Bitvolt,5.0E-8,$0.000831438,$174
1022,MILO,MiloCoin,6.0E-8,$0.00104162,$0
1023,FRAZ,Frazcoin,7.0E-8,$0.00117659,$343
1024,ULA,Ulatech,3.24E-6,$0.0538772,$50
1025,SANDG,Save and Gain,2.0E-7,$0.00339779,$0
1026,ELS,Elysium,1.5E-7,$0.00249574,$109
1027,NODC,NodeCoin,3.3E-7,$0.00549063,$9
1028,CTIC2,Coimatic 2.0,4.0E-8,$0.00066515,$77
1029,AGLC,AgrolifeCoin,7.0E-8,$0.00116468,$1
1030,MRNG,MorningStar,2.0E-8,$0.000262438,$0
1031,OCEAN,BurstOcean,2.02E-6,$0.0335654,$2
1032,TSTR,Tristar Coin,8.0E-8,$0.00133106,$71
1033,TRADE,Tradecoin,5.0E-8,$0.000831438,$33
1034,CCM100,CCMiner,1.2E-7,$0.00192326,$0
1035,CONX,Concoin,5.0E-7,$0.00860218,$0
1036,MGM,Magnum,9.0E-8,$0.00149744,$8
1037,WBC,WalletBuildersCoin,2.02E-5,$0.296084,$0
1038,PIZZA,PizzaCoin,2.0E-7,$0.00332765,$2
1039,LEX,Lex4All,2.4E-7,$0.00357707,$0
1040,TOKEN,SwapToken,9.0E-12,$1.559E-7,$41
1041,SOJ,Sojourn,2.6E-7,$0.00433751,$95
1042,DGCS,Digital Credits,2.0E-8,$0.000332765,$101
1043,ABN,Abncoin,8.5E-7,$0.0140692,$263
1044,EBT,Ebittree Coin,4.0E-8,$0.000711486,$19
1045,MNC,MantraCoin,1.0E-8,$0.000166288,$17
1046,ENV,Environ,2.0E-10,$3.1471E-6,$23
1047,DMB,Digital Money Bits,6.0E-8,$0.000922928,$220
1048,CALC,CaliphCoin,9.0E-8,$0.00149744,$12
1049,FDC,Future Digital Currency,1.0E-9,$1.90358E-5,$0
1050,FAL,Falcoin,1.0E-8,$0.000165764,$100
1051,APW,AppleCoin,1.0E-8,$0.000166288,$112
1052,ATMC,ATMCoin,0.00028104,$4.67335,"$43,714,600"
1053,WABI,WaBi,6.776E-5,$1.12684,"$16,849,800"
1054,ETN,Electroneum,4.36E-6,$0.0725518,"$12,881,000"
1055,CMT,CyberMiles,1.081E-5,$0.179807,"$8,354,250"
1056,BCD,Bitcoin Diamond [Futures],0.00193192,$32.1254,"$7,336,280"
1057,IOT,IoT Chain,5.23E-5,$0.869744,"$3,710,440"
1058,NULS,Nuls,4.981E-5,$0.828247,"$2,787,000"
1059,ERO,Eroscoin,9.99E-6,$0.166136,"$2,706,490"
1060,AI,POLY AI,0.00109462,$18.2022,"$2,365,640"
1061,REC,Regalcoin,0.00137998,$22.9474,"$2,266,470"
1062,FRGC,Fargocoin,0.00065993,$10.9801,"$2,147,860"
1063,PRO,ProChain,2.379E-5,$0.395548,"$1,647,530"
1064,BTE,BitSerial,0.00052847,$8.78773,"$1,635,140"
1065,GRX,GOLD Reward Token,0.00018903,$3.14334,"$1,344,160"
1066,MDS,MediShares,1.94E-6,$0.0322071,"$1,136,910"
1067,CLUB,ClubCoin,0.00020468,$3.40548,"$1,030,880"
1068,FRST,FirstCoin,0.00100189,$16.6697,"$829,652"
1069,ORME,Ormeus Coin,0.00017696,$2.94256,"$806,227"
1070,XTZ,Tezos (Pre-Launch),0.00024392,$4.05616,"$675,140"
1071,STC,Santa Coin,3.98E-5,$0.661808,"$615,550"
1072,B2X,SegWit2x [Futures],0.0120198,$199.874,"$597,739"
1073,TSL,Energo,1.86E-6,$0.0309997,"$566,048"
1074,THS,TechShares,4.783E-5,$0.795727,"$556,653"
1075,UGT,UG Token,3.856E-5,$0.641164,"$482,496"
1076,INF,InfChain,7.8E-7,$0.0129597,"$355,580"
1077,WC,WINCOIN,5.203E-5,$0.865224,"$337,482"
1078,RYZ,ANRYZE,1.11E-6,$0.0184335,"$324,868"
1079,CAPP,Cappasity,1.06E-6,$0.0175524,"$249,965"
1080,XIN,Infinity Economics,1.4E-6,$0.0232803,"$224,510"
1081,LLT,LLToken,1.889E-5,$0.314099,"$215,819"
1082,BSR,BitSoar,1.22E-5,$0.202871,"$183,130"
1083,XID,Sphre AIR ,1.127E-5,$0.187452,"$180,128"
1084,SBC,StrikeBitClub,6.298E-5,$1.04728,"$166,088"
1085,MKR,Maker,0.0422676,$703.26,"$148,600"
1086,UQC,Uquid Coin,8.456E-5,$1.40617,"$145,224"
1087,AKY,Akuya Coin,2.025E-5,$0.336732,"$120,029"
1088,BT2,BT2 [CST],0.00849246,$141.219,"$107,856"
1089,ZENGOLD,ZenGold,4.22E-6,$0.0700921,"$88,626"
1090,VIU,Viuly,1.86E-6,$0.0309763,"$80,574"
1091,GBG,Golos Gold,9.34E-6,$0.155407,"$75,174"
1092,ICX,ICON,0.00011743,$1.95269,"$59,278"
1093,QBT,Qbao,1.532E-5,$0.254808,"$57,013"
1094,VASH,VPNCoin,4.0E-7,$0.00665531,"$47,396"
1095,FRD,Farad,6.0E-6,$0.0998432,"$45,105"
1096,EVR,Everus,6.843E-5,$1.13795,"$35,894"
1097,SUR,Suretly,0.00022048,$3.66624,"$35,567"
1098,FOR,FORCE,8.4E-7,$0.0140465,"$34,277"
1099,MSD,MSD,5.3E-7,$0.00881349,"$33,582"
1100,BTCM,BTCMoon,1.61E-6,$0.0268507,"$32,208"
1101,WILD,Wild Crypto,1.716E-5,$0.285399,"$31,374"
1102,SPF,SportyFi,1.599E-5,$0.265857,"$30,892"
1103,SNOV,Snovio,2.0E-7,$0.00326331,"$30,720"
1104,PCOIN,Pioneer Coin,3.901E-5,$0.648688,"$29,940"
1105,SEND,Social Send,4.77E-6,$0.0793192,"$23,983"
1106,B3,B3Coin,5.0E-9,$8.8721E-5,"$20,167"
1107,TOK,Tokugawa,2.652E-5,$0.440995,"$19,838"
1108,XID,International Diamond,5.2E-7,$0.0086519,"$19,634"
1109,ZSE,ZSEcoin,9.7E-7,$0.0160738,"$17,919"
1110,KBR,Kubera Coin,7.1E-6,$0.118064,"$17,669"
1111,DSR,Desire,2.334E-5,$0.388195,"$16,522"
1112,SIGMA,SIGMAcoin,2.98E-6,$0.0494947,"$15,951"
1113,BT1,BT1 [CST],0.9804,$16302.8,"$14,901"
1114,BCDN,BlockCDN,4.93E-6,$0.0820197,"$14,426"
1115,NBIT,netBit,6.43E-6,$0.106949,"$14,145"
1116,SISA,SISA,8.2E-7,$0.0136491,"$13,062"
1117,BON,Bonpay,6.35E-5,$1.05598,"$12,800"
1118,UNRC,UniversalRoyalCoin,1.2E-7,$0.00193112,"$12,636"
1119,EFYT,Ergo,0.00112198,$18.6572,"$12,369"
1120,SKR,Sakuracoin,4.2E-7,$0.0070053,"$11,462"
1121,DAY,Chronologic,0.00035161,$5.84687,"$11,220"
1122,NUKO,Nekonium,6.18E-6,$0.102766,"$11,013"
1123,TER,TerraNova,0.00088596,$14.7323,"$9,879"
1124,STU,Student Coin,2.44E-6,$0.0405631,"$9,215"
1125,BOS,BOScoin,6.0E-5,$0.997725,"$9,142"
1126,MCR,Macro,0.00012397,$2.06147,"$9,075"
1127,SHND,StrongHands,2.0E-12,$3.61E-8,"$7,778"
1128,UAH,UAHPay,4.0E-9,$7.07067E-5,"$7,508"
1129,CMP,Compcoin,0.0006,$9.97725,"$7,400"
1130,PLC,PlusCoin,6.0E-8,$0.00100686,"$7,355"
1131,DEUS,DeusCoin,1.782E-5,$0.296494,"$6,962"
1132,GRN,Granite,1.06E-6,$0.0176366,"$6,800"
1133,BLX,Blockchain Index,0.00024322,$4.04442,"$6,708"
1134,BTU,Bitcoin Unlimited (Futures),0.00494971,$82.3546,"$6,500"
1135,BTCS,Bitcoin Silver,4.3E-7,$0.00707067,"$5,655"
1136,MGC,GulfCoin,3.7E-7,$0.00615264,"$5,654"
1137,LTG,LiteCoin Gold,2.3E-7,$0.0037725,"$5,628"
1138,SND,Sand Coin,4.519E-5,$0.751445,"$5,446"
1139,NEOG,NEO GOLD,1.4E-7,$0.00224901,"$5,244"
1140,BAT,BatCoin,4.0E-10,$6.4108E-6,"$4,846"
1141,VULC,Vulcano,3.2E-7,$0.00530498,"$4,695"
1142,ELITE,Ethereum Lite,1.766E-5,$0.293674,"$4,478"
1143,GLS,GlassCoin,4.0E-5,$0.66515,"$4,226"
1144,PEC,Peacecoin,4.49E-6,$0.0747058,"$3,722"
1145,MGC,MergeCoin,6.4E-7,$0.0106485,"$3,601"
1146,MCI,Musiconomi,2.83E-6,$0.0471155,"$3,568"
1147,BITCF,First Bitcoin Capital,7.77E-6,$0.129205,"$3,499"
1148,ETT,EncryptoTel [ETH],4.88E-6,$0.0811639,"$3,464"
1149,BTC2X,Bitcoin2x,5.3E-7,$0.00883833,"$3,376"
1150,PLX,PlexCoin,1.27E-6,$0.0211552,"$3,338"
1151,ONG,onG.social,1.276E-5,$0.21212,"$3,270"
1152,IBTC,iBTC,8.0E-7,$0.0133565,"$2,972"
1153,TESLA,TeslaCoilCoin,0.00028796,$4.79116,"$2,376"
1154,ABC,Alphabit,0.00156022,$25.9593,"$2,217"
1155,DMC,DynamicCoin,1.3E-7,$0.00211414,"$2,119"
1156,PRES,President Trump,5.0E-8,$0.00090281,"$1,963"
1157,GARY,President Johnson,1.375E-5,$0.228776,"$1,886"
1158,MEN,PeopleCoin,1.0E-8,$0.000166288,"$1,853"
1159,COR,CORION,4.041E-5,$0.671963,"$1,805"
1160,MINEX,Minex,1.12E-6,$0.0186035,"$1,575"
1161,TCOIN,T-coin,2.0E-8,$0.000307735,"$1,549"
1162,XOT,Internet of Things,0.1399,$2327.69,"$1,488"
1163,MOTO,Motocoin,6.9E-7,$0.0114856,"$1,455"
1164,CTIC3,Coimatic 3.0,4.1E-7,$0.00682297,"$1,387"
1165,TRIA,Triaconta,0.00082915,$13.7878,"$1,314"
1166,STARS,StarCash Network,1.81E-6,$0.030031,"$1,225"
1167,HYTV,Hyper TV,1.1E-7,$0.00177757,"$1,207"
1168,ACES,Aces,1.0E-8,$0.000166383,"$1,155"
1169,BGR,Bongger,7.0E-9,$0.000115649,"$1,130"
1170,APC,AlpaCoin,1.82E-6,$0.0303196,"$1,096"
1171,DFS,DFSCoin,2.8E-7,$0.00472986,"$1,089"
1172,PNX,Phantomx,7.9E-7,$0.0131201,"$1,082"
1173,XRY,Royalties,9.0E-9,$0.000153403,"$1,071"
1174,AIB,Advanced Internet Blocks,9.0E-7,$0.0149959,$957
1175,COUPE,Coupecoin,7.0E-9,$0.000111851,$886
1176,ACC,AdCoin,6.49E-6,$0.107994,$873
1177,MAVRO,Mavro,2.78E-6,$0.0462544,$823
1178,EXRN,EXRNchain,1.0E-10,$2.1212E-6,$817
1179,RUBIT,RubleBit,3.3E-7,$0.00549063,$811
1180,OX,OX Fina,1.0E-8,$0.000184672,$753
1181,IQT,iQuant,4.82E-6,$0.0801046,$747
1182,EDOGE,EtherDoge,9.0E-11,$1.4141E-6,$740
1183,EVC,EventChain,5.1E-6,$0.0848487,$737
1184,ZBC,Zilbercoin,1.68E-6,$0.0279387,$718
1185,TOP,TopCoin,3.0E-8,$0.000504396,$715
1186,WIC,Wi Coin,1.3E-7,$0.00221879,$671
1187,SKULL,Pirate Blocks,1.8E-7,$0.00291459,$650
1188,TELL,Tellurion,2.0E-8,$0.000350413,$630
1189,FLASH,Flash,3.6E-7,$0.00595502,$627
1190,HIGH,High Gain,2.0E-8,$0.000332575,$617
1191,CASH,Cash Poker Pro,2.98E-6,$0.0494947,$617
1192,QORA,Qora,1.999E-5,$0.332599,$617
1193,EAG,EA Coin,0.00026996,$4.4891,$581
1194,AMS,AmsterdamCoin,3.0E-7,$0.0050169,$550
1195,EBIT,eBIT,1.5E-7,$0.00243938,$545
1196,BTBc,Bitbase,1.6E-7,$0.0026606,$544
1197,WOW,Wowcoin,1.0E-8,$0.000167453,$526
1198,RHFC,RHFCoin,6.0E-8,$0.000998296,$520
1199,SKC,Skeincoin,1.48E-6,$0.0246246,$498
1200,WSX,WeAreSatoshi,1.4E-7,$0.00232936,$466
1201,SWP,Swapcoin,5.51E-6,$0.0915651,$462
1202,LDCN,LandCoin,7.0E-8,$0.00122766,$461
1203,PRN,Protean,1.0E-9,$2.18055E-5,$449
1204,UR,UR,7.0E-8,$0.00115818,$438
1205,RBBT,RabbitCoin,2.0E-10,$3.2025E-6,$401
1206,GAY,GAY Money,1.35E-6,$0.0224163,$386
1207,FLAP,FlappyCoin,1.0E-8,$0.000166231,$386
1208,BUB,Bubble,1.0E-6,$0.0166383,$365
1209,WA,WA Space,1.6E-6,$0.0266212,$356
1210,FRN,Francs,1.25E-6,$0.0208683,$344
1211,YEL,Yellow Token,2.4E-7,$0.00397513,$313
1212,PCS,Pabyosi Coin (Special),5.37E-6,$0.0893475,$278
1213,NAMO,NamoCoin,2.0E-8,$0.000265769,$268
1214,NTC,Natcoin,5.37E-6,$0.0892964,$261
1215,ACN,Avoncoin,3.0E-8,$0.000499148,$255
1216,RUPX,Rupaya [OLD],2.3E-7,$0.00382461,$249
1217,TCR,TheCreed,2.0E-8,$0.000332765,$238
1218,FAP,FAPcoin,2.6E-7,$0.00434223,$227
1219,HALLO,Halloween Coin,9.0E-9,$0.000142828,$219
1220,EUSD,eUSD,2.0E-8,$0.000317473,$216
1221,DUTCH,Dutch Coin,2.0E-8,$0.000332575,$210
1222,BITOK,Bitok,1.0E-8,$0.000166288,$199
1223,RUNNERS,Runners,1.0E-8,$0.000166288,$197
1224,TLE,Tattoocoin (Limited Edition),2.872E-5,$0.477851,$180
1225,DASHS,Dashs,2.37E-6,$0.0394327,$165
1226,HNC,Huncoin,1.3E-7,$0.00216174,$152
1227,BSN,Bastonet,5.0E-8,$0.000831438,$150
1228,ANI,Animecoin,1.0E-8,$0.000166383,$141
1229,LEPEN,LePen,5.0E-9,$8.7253E-5,$140
1230,RCN,Rcoin,1.0E-8,$0.000166383,$139
1231,ANTX,Antimatter,1.0E-8,$0.000166288,$138
1232,SAK,Sharkcoin,1.2E-7,$0.00199659,$136
1233,QBT,Cubits,2.0E-7,$0.00328623,$126
1234,INDIA,India Coin,2.0E-8,$0.000332575,$124
1235,BXC,Bitcedi,3.1E-7,$0.00510684,$115
1236,CME,Cashme,1.0E-8,$0.000166383,$110
1237,EGOLD,eGold,9.8E-7,$0.0163262,$108
1238,DON,Donationcoin,5.0E-8,$0.000826977,$105
1239,CHEAP,Cheapcoin,3.0E-8,$0.000498863,$100
1240,FONZ,Fonziecoin,7.0E-8,$0.00116468,$98
1241,GMX,GoldMaxCoin,1.5E-7,$0.00257881,$96
1242,FUDD,DimonCoin,9.0E-8,$0.00141413,$95
1243,BLAZR,BlazerCoin,9.0E-8,$0.00148202,$89
1244,TRICK,TrickyCoin,9.1E-7,$0.0151408,$89
1245,ROYAL,RoyalCoin,2.0E-7,$0.00332765,$89
1246,STEX,STEX,8.257E-5,$1.37296,$86
1247,FC,Facecoin,1.3E-7,$0.0022117,$83
1248,SYNC,Sync,0.03,$499.148,$83
1249,BCCS,BitcoinCashScrypt,2.9E-7,$0.00482234,$83
1250,EDRC,EDRCoin,3.92E-6,$0.0651418,$75
1251,REGA,Regacoin,4.0E-8,$0.000665531,$73
1252,BEST,BestChain,1.1E-7,$0.00186494,$70
1253,FFC,FireFlyCoin,1.0E-8,$0.000166383,$70
1254,9COIN,9COIN,2.2E-7,$0.00365833,$69
1255,SHA,SHACoin,7.0E-8,$0.00116468,$68
1256,ASN,Aseancoin,2.5E-7,$0.00415719,$66
1257,BAC,BitAlphaCoin,2.4E-7,$0.00399318,$65
1258,PRM,PrismChain,1.1E-7,$0.00183021,$62
1259,VOYA,Voyacoin,0.00013011,$2.16481,$59
1260,TURBO,TurboCoin,1.0E-8,$0.000166288,$58
1261,LKC,LinkedCoin,1.0E-8,$0.000166383,$48
1262,IFC,Infinitecoin,8.0E-10,$1.25026E-5,$48
1263,CYC,Cycling Coin,9.0E-8,$0.00149744,$47
1264,CBD,CBD Crystals,1.7E-7,$0.00282851,$46
1265,IRL,IrishCoin,2.3E-7,$0.0038268,$45
1266,PRIMU,Primulon,1.0E-8,$0.000166288,$41
1267,KASHH,KashhCoin,8.0E-9,$0.000138422,$40
1268,CLINT,Clinton,7.9E-7,$0.0131442,$40
1269,VGC,VegasCoin,1.0E-8,$0.000161019,$38
1270,MAGN,Magnetcoin,4.041E-5,$0.67197,$37
1271,ELTC2,eLTC,2.0E-8,$0.000282827,$35
1272,PI,PiCoin,2.2E-7,$0.00366042,$33
1273,10MT,10M Token,1.8E-7,$0.00296968,$33
1274,AV,AvatarCoin,3.3E-6,$0.0549063,$30
1275,ELC,Elacoin,5.77E-6,$0.0959479,$30
1276,AXIOM,Axiom,1.47E-6,$0.0244583,$29
1277,WINK,Wink,2.0E-8,$0.000332575,$28
1278,LTH,LAthaan,7.0E-8,$0.00116468,$28
1279,BET,BetaCoin,9.0E-8,$0.00149744,$22
1280,FAZZ,Fazzcoin,5.0E-7,$0.00831913,$21
1281,XAU,Xaucoin,2.65E-6,$0.0440914,$20
1282,DUB,Dubstep,1.6E-7,$0.00266212,$19
1283,CYDER,Cyder,2.0E-8,$0.000332575,$17
1284,PDG,PinkDog,1.0E-8,$0.000166288,$17
1285,BIT,First Bitcoin,6.2E-7,$0.0103157,$16
1286,IPY,Infinity Pay,1.6E-7,$0.00261615,$15
1287,XQN,Quotient,3.9E-7,$0.00648892,$15
1288,FBL,Faceblock,2.4E-7,$0.00394543,$14
1289,OCOW,OCOW,3.5E-7,$0.00582339,$13
1290,LAZ,Lazaruscoin,1.2E-7,$0.00199659,$13
1291,EGG,EggCoin,3.8E-6,$0.0632254,$12
1292,UNC,UNCoin,1.0E-8,$0.000166383,$12
1293,TIE,TIES Network,8.08E-6,$0.134343,$11
1294,GBRC,Global Business Revolution,1.0E-8,$0.000166383,$11
1295,MARX,MarxCoin,1.0E-7,$0.00160658,$11
1296,GAIN,UGAIN,7.0E-8,$0.00120911,$10
1297,QBC,Quebecoin,1.6E-7,$0.00266212,$9
1298,IVZ,InvisibleCoin,2.237E-5,$0.372198,$8
1299,XDE2,XDE II,0.00015125,$2.51654,$8
1300,YES,Yescoin,3.0E-9,$4.23587E-5,$8
1301,MMXVI,MMXVI,1.9E-7,$0.00316127,$5
1302,BIRDS,Birds,1.0E-8,$0.000166288,$5
1303,FUTC,FutCoin,2.0E-7,$0.00332765,$5
1304,SNAKE,SnakeEyes,3.28E-6,$0.0545248,$5
1305,HCC,Happy Creator Coin,3.0E-8,$0.000499148,$4
1306,CC,CyberCoin,1.0E-8,$0.000166383,$4
1307,MONETA,Moneta,3.0E-8,$0.000499148,$4
1308,MBL,MobileCash,4.0E-8,$0.000665531,$3
1309,TODAY,TodayCoin,7.0E-8,$0.00116468,$3
1310,OMC,Omicron,1.059E-5,$0.176199,$3
1311,GML,GameLeagueCoin,8.4E-7,$0.0139761,$2
1312,OP,Operand,7.0E-8,$0.00116468,$2
1313,DISK,DarkLisk,7.0E-8,$0.00116468,$2
1314,NBE,BitCentavo,1.0E-11,$1.791E-7,$0
1315,KARMA,Karmacoin,1.0E-8,$0.000173415,$0
1316,HYPER,Hyper,2.16E-6,$0.0357794,$0
1317,SJCX,Storjcoin X,1.724E-5,$0.253953,$0
1318,SHELL,ShellCoin,1.99E-6,$0.0340114,$0
1319,DCRE,DeltaCredits,1.513E-5,$0.232278,$0
1320,X2,X2,1.0E-8,$0.000173393,$0
1321,OPES,Opescoin,1.7E-7,$0.00286694,$0
1322,PSY,Psilocybin,1.69E-6,$0.029431,$0
1323,PAYP,PayPeer,1.0E-8,$0.000172891,$0
1324,SFE,SafeCoin,1.0E-8,$0.000171988,$0
1325,RICHX,RichCoin,6.1E-7,$0.0105521,$0
1326,DBG,Digital Bullion Gold,2.4E-7,$0.00402542,$0
1327,FRWC,FrankyWillCoin,1.8E-7,$0.00309666,$0
1328,POKE,PokeCoin,1.0E-8,$0.000171413,$0
1329,GOLF,Golfcoin,1.0E-8,$0.00016904,$0
1330,SPORT,SportsCoin,9.0E-8,$0.0014912,$0
1331,TEAM,TeamUp,3.0E-8,$0.000518284,$0
1332,MONEY,MoneyCoin,1.0E-8,$0.000164299,$0
1333,XSTC,Safe Trade Coin,1.0E-8,$0.00016904,$0
1334,TERA,TeraCoin,1.0E-8,$0.000140597,$0
1335,UTA,UtaCoin,1.9E-7,$0.00267134,$0
1336,XVE,The Vegan Initiative,3.0E-8,$0.00051563,$0
1337,BIXC,BIXC,0.00040078,$6.68229,$0
1338,GUC,GoldUnionCoin,4.7E-6,$0.066111,$0
1339,TYC,Tyrocoin,1.5E-7,$0.00177012,$0
1340,TOPAZ,Topaz Coin,5.8E-6,$0.0983845,$0
1341,ADK,Aidos Kuneen,0.00190002,$32.6786,$0
1342,PCN,PeepCoin,1.0E-8,$0.000174865,$0
1343,XTD,XTD Coin,1.0E-8,$0.000173712,$0
1344,FID,BITFID,1.0E-5,$0.142654,$0
1345,HDLB,HODL Bucks,4.0E-6,$0.0700338,$0
1346,MAGE,MagicCoin,0.0009005,$13.6224,$0
1347,XYLO,XYLO,5.31E-5,$0.880311,$0
1348,WEC,Wowecoin,6.92E-6,$0.102,$0
1349,SIC,Swisscoin,1.0E-8,$0.000122905,$0
